# Blender 5.2.1 LTS
# www.blender.org
mtllib vodka.mtl
o bottle.final
v 0.809108 -1.658200 0.160942
v 0.809108 0.465229 0.160941
v 0.762163 -1.658200 0.315698
v 0.762163 0.465229 0.315698
v 0.685928 -1.658200 0.376650
v 0.685928 0.465229 0.376650
v 0.583334 -1.658200 0.441584
v 0.583334 0.465229 0.441584
v 0.458323 -1.658200 0.491429
v 0.458323 0.465229 0.491429
v 0.315698 -1.658200 0.520362
v 0.315698 0.465229 0.520361
v 0.160941 -1.658200 0.525062
v 0.160941 0.465229 0.523080
v 0.765502 -1.719135 0.152268
v 0.721088 -1.719135 0.298684
v 0.648962 -1.719135 0.351950
v 0.551897 -1.719135 0.410146
v 0.433622 -1.719135 0.454462
v 0.298684 -1.719135 0.479287
v 0.152268 -1.719135 0.496862
v 0.718197 -1.763086 0.142858
v 0.676527 -1.763086 0.280227
v 0.608858 -1.763086 0.325153
v 0.517791 -1.763086 0.376041
v 0.406826 -1.763086 0.414359
v 0.280227 -1.763086 0.434726
v 0.142858 -1.763086 0.449557
v 0.776659 0.603929 0.154487
v 0.731597 0.603929 0.303037
v 0.658420 0.603929 0.358269
v 0.559940 0.603929 0.418189
v 0.439942 0.603929 0.463920
v 0.303037 0.603929 0.489795
v 0.154487 0.603929 0.499515
v 0.733913 0.717841 0.145984
v 0.691331 0.717841 0.286358
v 0.622182 0.717841 0.334055
v 0.529122 0.717841 0.387371
v 0.415729 0.717841 0.427682
v 0.286359 0.717841 0.449530
v 0.145984 0.717841 0.466956
v 0.646978 0.799857 0.128692
v 0.609440 0.799857 0.252438
v 0.548482 0.799857 0.302753
v 0.466445 0.799857 0.340726
v 0.366484 0.799857 0.392955
v 0.252438 0.799857 0.415728
v 0.128692 0.799857 0.429994
v 0.498210 0.909213 0.099100
v 0.469303 0.909213 0.194391
v 0.422362 0.909213 0.250390
v 0.359189 0.909213 0.307119
v 0.282213 0.909213 0.348087
v 0.194392 0.909213 0.368202
v 0.099100 0.909213 0.381835
v 0.376765 1.004899 0.074943
v 0.354905 1.004899 0.147006
v 0.319406 1.004899 0.213420
v 0.271632 1.004899 0.271632
v 0.213420 1.004899 0.319405
v 0.147006 1.004899 0.342348
v 0.074943 1.004899 0.360419
v 0.348150 1.091472 0.069251
v 0.327950 1.091472 0.135841
v 0.295147 1.091472 0.197211
v 0.251002 1.091472 0.251002
v 0.197211 1.091472 0.295147
v 0.135841 1.091472 0.327949
v 0.069251 1.091472 0.348149
v 0.327553 1.579901 0.065154
v 0.308549 1.579901 0.127804
v 0.277686 1.579901 0.185544
v 0.236153 1.579901 0.236152
v 0.185544 1.579901 0.277686
v 0.127805 1.579901 0.308548
v 0.065154 1.579901 0.327553
v 0.358129 1.617872 0.071236
v 0.337350 1.617872 0.139734
v 0.303607 1.617872 0.202863
v 0.258197 1.617872 0.258196
v 0.202864 1.617872 0.303607
v 0.139735 1.617872 0.337350
v 0.071236 1.617872 0.358128
v 0.358129 1.696977 0.071236
v 0.337350 1.696977 0.139734
v 0.303607 1.696977 0.202863
v 0.258197 1.696977 0.258196
v 0.202864 1.696977 0.303607
v 0.139735 1.696977 0.337350
v 0.071236 1.696977 0.358128
v 0.328457 1.738112 0.065334
v 0.309399 1.738112 0.128157
v 0.278452 1.738112 0.186055
v 0.236804 1.738112 0.236803
v 0.186056 1.738112 0.278452
v 0.128157 1.738112 0.309399
v 0.065334 1.738112 0.328456
v 0.142858 -1.763086 0.228838
v 0.406826 -1.763086 0.202084
v 0.280227 -1.763086 0.222451
v 0.615483 -1.763086 0.157816
v 0.511166 -1.763086 0.158658
v 0.307420 1.740084 0.040346
v 0.288363 1.740084 0.103169
v 0.257416 1.740084 0.161068
v 0.215768 1.740084 0.211816
v 0.165019 1.740084 0.253464
v 0.107121 1.740084 0.284411
v 0.044298 1.740084 0.303469
v 0.307420 0.974343 0.040346
v 0.288363 0.974343 0.103170
v 0.257416 0.974343 0.161068
v 0.215768 0.974343 0.211816
v 0.165019 0.974343 0.253464
v 0.107121 0.974343 0.284412
v 0.044298 0.974343 0.303469
v 0.726010 0.722647 0.049870
v 0.717107 0.715102 0.111597
v 0.672298 0.724739 0.249002
v 0.578442 0.724164 0.305416
v 0.481468 0.719235 0.361637
v 0.309796 0.721847 0.400085
v 0.186700 0.721847 0.437426
v 0.793810 0.443172 0.052041
v 0.785226 0.434359 0.109286
v 0.742332 0.442762 0.243068
v 0.670630 0.442762 0.319809
v 0.545026 0.442762 0.412047
v 0.408025 0.442762 0.452602
v 0.284929 0.442762 0.489943
v 0.793810 -1.622414 0.052041
v 0.785226 -1.631226 0.109286
v 0.742332 -1.622823 0.243069
v 0.670630 -1.622823 0.319809
v 0.545026 -1.622823 0.412048
v 0.408025 -1.622823 0.452602
v 0.284929 -1.622823 0.489943
v 0.763102 -1.694238 0.096475
v 0.742525 -1.701382 0.142885
v 0.707749 -1.694570 0.251348
v 0.649616 -1.694570 0.313565
v 0.547784 -1.694570 0.388347
v 0.436712 -1.694570 0.421226
v 0.267646 -1.694570 0.453601
v 0.611876 -1.694238 0.096475
v 0.604917 -1.701382 0.142885
v 0.570141 -1.694570 0.251348
v 0.267646 -1.681449 0.268180
v 0.436712 -1.694570 0.235805
v 0.267646 -1.677519 0.199295
v 0.436712 -1.694570 0.166920
v 0.267646 -1.677519 0.124192
v 0.436712 -1.694570 0.091817
v -0.809108 -1.658200 0.160942
v -0.809108 0.465229 0.160941
v -0.762163 -1.658200 0.315698
v -0.762163 0.465229 0.315698
v -0.685928 -1.658200 0.376650
v -0.685928 0.465229 0.376650
v -0.583334 -1.658200 0.441584
v -0.583334 0.465229 0.441584
v -0.458323 -1.658200 0.491429
v -0.458323 0.465229 0.491429
v -0.315698 -1.658200 0.520362
v -0.315698 0.465229 0.520361
v -0.160941 -1.658200 0.525062
v -0.160941 0.465229 0.523080
v 0.000000 -1.658200 0.522902
v 0.000000 0.465229 0.522902
v -0.765502 -1.719135 0.152268
v -0.721088 -1.719135 0.298684
v -0.648962 -1.719135 0.351950
v -0.551897 -1.719135 0.410146
v -0.433622 -1.719135 0.454462
v -0.298684 -1.719135 0.479287
v -0.152268 -1.719135 0.496862
v 0.000000 -1.719135 0.494118
v -0.718197 -1.763086 0.142858
v -0.676527 -1.763086 0.280227
v -0.608858 -1.763086 0.325153
v -0.517791 -1.763086 0.376041
v -0.406826 -1.763086 0.414359
v -0.280227 -1.763086 0.434726
v -0.142858 -1.763086 0.449557
v 0.000000 -1.763086 0.450153
v -0.776659 0.603929 0.154487
v -0.731597 0.603929 0.303037
v -0.658420 0.603929 0.358269
v -0.559940 0.603929 0.418189
v -0.439942 0.603929 0.463920
v -0.303037 0.603929 0.489795
v -0.154487 0.603929 0.499515
v 0.000000 0.603929 0.498548
v -0.733913 0.717841 0.145984
v -0.691331 0.717841 0.286358
v -0.622182 0.717841 0.334055
v -0.529122 0.717841 0.387371
v -0.415729 0.717841 0.427682
v -0.286359 0.717841 0.449530
v -0.145984 0.717841 0.466956
v 0.000000 0.717841 0.466328
v -0.646978 0.799857 0.128692
v -0.609440 0.799857 0.252438
v -0.548482 0.799857 0.302753
v -0.466445 0.799857 0.340726
v -0.366484 0.799857 0.392955
v -0.252438 0.799857 0.415728
v -0.128692 0.799857 0.429994
v 0.000000 0.799857 0.438075
v -0.498210 0.909213 0.099100
v -0.469303 0.909213 0.194391
v -0.422362 0.909213 0.250390
v -0.359189 0.909213 0.307119
v -0.282213 0.909213 0.348087
v -0.194392 0.909213 0.368202
v -0.099100 0.909213 0.381835
v 0.000000 0.909213 0.394142
v -0.376765 1.004899 0.074943
v -0.354905 1.004899 0.147006
v -0.319406 1.004899 0.213420
v -0.271632 1.004899 0.271632
v -0.213420 1.004899 0.319405
v -0.147006 1.004899 0.342348
v -0.074943 1.004899 0.360419
v 0.000000 1.004899 0.368836
v -0.348150 1.091472 0.069251
v -0.327950 1.091472 0.135841
v -0.295147 1.091472 0.197211
v -0.251002 1.091472 0.251002
v -0.197211 1.091472 0.295147
v -0.135841 1.091472 0.327949
v -0.069251 1.091472 0.348149
v 0.000000 1.091472 0.354970
v -0.327553 1.579901 0.065154
v -0.308549 1.579901 0.127804
v -0.277686 1.579901 0.185544
v -0.236153 1.579901 0.236152
v -0.185544 1.579901 0.277686
v -0.127805 1.579901 0.308548
v -0.065154 1.579901 0.327553
v 0.000000 1.579901 0.333970
v -0.358129 1.617872 0.071236
v -0.337350 1.617872 0.139734
v -0.303607 1.617872 0.202863
v -0.258197 1.617872 0.258196
v -0.202864 1.617872 0.303607
v -0.139735 1.617872 0.337350
v -0.071236 1.617872 0.358128
v 0.000000 1.617872 0.365145
v -0.358129 1.696977 0.071236
v -0.337350 1.696977 0.139734
v -0.303607 1.696977 0.202863
v -0.258197 1.696977 0.258196
v -0.202864 1.696977 0.303607
v -0.139735 1.696977 0.337350
v -0.071236 1.696977 0.358128
v 0.000000 1.696977 0.365145
v -0.328457 1.738112 0.065334
v -0.309399 1.738112 0.128157
v -0.278452 1.738112 0.186055
v -0.236804 1.738112 0.236803
v -0.186056 1.738112 0.278452
v -0.128157 1.738112 0.309399
v -0.065334 1.738112 0.328456
v 0.000000 1.738112 0.334891
v -0.142858 -1.763086 0.228838
v 0.000000 -1.763086 0.242908
v -0.406826 -1.763086 0.202084
v -0.280227 -1.763086 0.222451
v -0.615483 -1.763086 0.157816
v -0.511166 -1.763086 0.158658
v -0.307420 1.740084 0.040346
v -0.288363 1.740084 0.103169
v -0.257416 1.740084 0.161068
v -0.215768 1.740084 0.211816
v -0.165019 1.740084 0.253464
v -0.107121 1.740084 0.284411
v -0.044298 1.740084 0.303469
v 0.000000 1.740084 0.309904
v -0.307420 0.974343 0.040346
v -0.288363 0.974343 0.103170
v -0.257416 0.974343 0.161068
v -0.215768 0.974343 0.211816
v -0.165019 0.974343 0.253464
v -0.107121 0.974343 0.284412
v -0.044298 0.974343 0.303469
v 0.000000 0.974343 0.309904
v -0.726010 0.722647 0.049870
v -0.717107 0.715102 0.111597
v -0.672298 0.724739 0.249002
v -0.578442 0.724164 0.305416
v -0.481468 0.719235 0.361637
v -0.309796 0.721847 0.400085
v -0.186700 0.721847 0.437426
v 0.000000 0.721847 0.450034
v -0.793810 0.443172 0.052041
v -0.785226 0.434359 0.109286
v -0.742332 0.442762 0.243068
v -0.670630 0.442762 0.319809
v -0.545026 0.442762 0.412047
v -0.408025 0.442762 0.452602
v -0.284929 0.442762 0.489943
v 0.000000 0.442762 0.502551
v -0.793810 -1.622414 0.052041
v -0.785226 -1.631226 0.109286
v -0.742332 -1.622823 0.243069
v -0.670630 -1.622823 0.319809
v -0.545026 -1.622823 0.412048
v -0.408025 -1.622823 0.452602
v -0.284929 -1.622823 0.489943
v 0.000000 -1.622823 0.502551
v -0.763102 -1.694238 0.096475
v -0.742525 -1.701382 0.142885
v -0.707749 -1.694570 0.251348
v -0.649616 -1.694570 0.313565
v -0.547784 -1.694570 0.388347
v -0.436712 -1.694570 0.421226
v -0.267646 -1.694570 0.453601
v 0.000000 -1.694570 0.461722
v 0.000000 -1.661497 0.207416
v 0.000000 -1.679575 0.276301
v -0.611876 -1.694238 0.096475
v -0.604917 -1.701382 0.142885
v -0.570141 -1.694570 0.251348
v -0.267646 -1.681449 0.268180
v -0.436712 -1.694570 0.235805
v -0.267646 -1.677519 0.199295
v -0.436712 -1.694570 0.166920
v 0.000000 -1.661497 0.132312
v -0.267646 -1.677519 0.124192
v -0.436712 -1.694570 0.091817
v 0.824959 -1.658200 0.000000
v 0.824959 0.465229 -0.000000
v 0.809108 -1.658200 -0.160941
v 0.809108 0.465229 -0.160941
v 0.762163 -1.658200 -0.315698
v 0.762163 0.465229 -0.315698
v 0.685928 -1.658200 -0.376650
v 0.685928 0.465229 -0.376650
v 0.583334 -1.658200 -0.441583
v 0.583334 0.465229 -0.441584
v 0.458323 -1.658200 -0.491429
v 0.458323 0.465229 -0.491429
v 0.315698 -1.658200 -0.520361
v 0.315698 0.465229 -0.520362
v 0.160941 -1.658200 -0.525062
v 0.160941 0.465229 -0.523080
v 0.780500 -1.719135 0.000000
v 0.765502 -1.719135 -0.152267
v 0.721088 -1.719135 -0.298684
v 0.648962 -1.719135 -0.351949
v 0.551897 -1.719135 -0.410146
v 0.433622 -1.719135 -0.454462
v 0.298684 -1.719135 -0.479286
v 0.152268 -1.719135 -0.496862
v 0.732267 -1.763086 0.000000
v 0.718197 -1.763086 -0.142858
v 0.676527 -1.763086 -0.280226
v 0.608858 -1.763086 -0.325153
v 0.517791 -1.763086 -0.376041
v 0.406826 -1.763086 -0.414358
v 0.280227 -1.763086 -0.434725
v 0.142858 -1.763086 -0.449557
v 0.791874 0.603929 -0.000000
v 0.776659 0.603929 -0.154487
v 0.731597 0.603929 -0.303037
v 0.658420 0.603929 -0.358269
v 0.559940 0.603929 -0.418189
v 0.439942 0.603929 -0.463920
v 0.303037 0.603929 -0.489795
v 0.154487 0.603929 -0.499515
v 0.748292 0.717841 -0.000000
v 0.733913 0.717841 -0.145984
v 0.691331 0.717841 -0.286359
v 0.622182 0.717841 -0.334056
v 0.529122 0.717841 -0.387372
v 0.415729 0.717841 -0.427682
v 0.286359 0.717841 -0.449530
v 0.145984 0.717841 -0.466956
v 0.659653 0.799857 -0.000000
v 0.646978 0.799857 -0.128692
v 0.609440 0.799857 -0.252438
v 0.548482 0.799857 -0.302754
v 0.466445 0.799857 -0.340726
v 0.366484 0.799857 -0.392955
v 0.252438 0.799857 -0.415729
v 0.128692 0.799857 -0.429994
v 0.507970 0.909213 -0.000000
v 0.498210 0.909213 -0.099100
v 0.469303 0.909213 -0.194392
v 0.422362 0.909213 -0.250390
v 0.359189 0.909213 -0.307119
v 0.282213 0.909213 -0.348087
v 0.194392 0.909213 -0.368202
v 0.099100 0.909213 -0.381835
v 0.384146 1.004899 -0.000000
v 0.376765 1.004899 -0.074943
v 0.354905 1.004899 -0.147006
v 0.319406 1.004899 -0.213420
v 0.271632 1.004899 -0.271632
v 0.213420 1.004899 -0.319406
v 0.147006 1.004899 -0.342348
v 0.074943 1.004899 -0.360420
v 0.354970 1.091472 -0.000000
v 0.348150 1.091472 -0.069251
v 0.327950 1.091472 -0.135841
v 0.295147 1.091472 -0.197211
v 0.251002 1.091472 -0.251002
v 0.197211 1.091472 -0.295147
v 0.135841 1.091472 -0.327950
v 0.069251 1.091472 -0.348150
v 0.333971 1.579901 -0.000000
v 0.327553 1.579901 -0.065154
v 0.308549 1.579901 -0.127805
v 0.277686 1.579901 -0.185544
v 0.236153 1.579901 -0.236153
v 0.185544 1.579901 -0.277686
v 0.127805 1.579901 -0.308549
v 0.065154 1.579901 -0.327553
v 0.365145 1.617872 -0.000000
v 0.358129 1.617872 -0.071236
v 0.337350 1.617872 -0.139735
v 0.303607 1.617872 -0.202864
v 0.258197 1.617872 -0.258197
v 0.202864 1.617872 -0.303607
v 0.139735 1.617872 -0.337350
v 0.071236 1.617872 -0.358129
v 0.365145 1.696977 -0.000000
v 0.358129 1.696977 -0.071236
v 0.337350 1.696977 -0.139735
v 0.303607 1.696977 -0.202864
v 0.258197 1.696977 -0.258197
v 0.202864 1.696977 -0.303607
v 0.139735 1.696977 -0.337350
v 0.071236 1.696977 -0.358129
v 0.334891 1.738112 -0.000000
v 0.328457 1.738112 -0.065334
v 0.309399 1.738112 -0.128157
v 0.278452 1.738112 -0.186056
v 0.236804 1.738112 -0.236804
v 0.186056 1.738112 -0.278452
v 0.128157 1.738112 -0.309399
v 0.065334 1.738112 -0.328457
v 0.142858 -1.763086 -0.228837
v 0.406826 -1.763086 -0.202083
v 0.280227 -1.763086 -0.222450
v 0.615483 -1.763086 -0.157815
v 0.511166 -1.763086 -0.158657
v 0.615483 -1.763086 0.000000
v 0.511166 -1.763086 0.000000
v 0.406826 -1.763086 0.000000
v 0.280227 -1.763086 0.000000
v 0.142858 -1.763086 0.000000
v 0.313855 1.740084 -0.000000
v 0.307420 1.740084 -0.040347
v 0.288363 1.740084 -0.103170
v 0.257416 1.740084 -0.161068
v 0.215768 1.740084 -0.211817
v 0.165019 1.740084 -0.253465
v 0.107121 1.740084 -0.284412
v 0.044298 1.740084 -0.303469
v 0.313855 0.974343 -0.000000
v 0.307420 0.974343 -0.040347
v 0.288363 0.974343 -0.103170
v 0.257416 0.974343 -0.161068
v 0.215768 0.974343 -0.211817
v 0.165019 0.974343 -0.253465
v 0.107121 0.974343 -0.284412
v 0.044298 0.974343 -0.303469
v 0.714868 0.721847 -0.000000
v 0.726010 0.722647 -0.049870
v 0.717107 0.715102 -0.111598
v 0.672298 0.724739 -0.249002
v 0.578442 0.724164 -0.305416
v 0.481468 0.719235 -0.361637
v 0.309796 0.721847 -0.400085
v 0.186700 0.721847 -0.437426
v 0.806418 0.443172 -0.000000
v 0.793810 0.443172 -0.052041
v 0.785226 0.434359 -0.109286
v 0.742332 0.442762 -0.243068
v 0.670630 0.442762 -0.319809
v 0.545026 0.442762 -0.412048
v 0.408025 0.442762 -0.452602
v 0.284929 0.442762 -0.489943
v 0.806418 -1.622414 0.000000
v 0.793810 -1.622414 -0.052041
v 0.785226 -1.631226 -0.109286
v 0.742332 -1.622823 -0.243068
v 0.670630 -1.622823 -0.319808
v 0.545026 -1.622824 -0.412047
v 0.408025 -1.622824 -0.452602
v 0.284929 -1.622824 -0.489942
v 0.772873 -1.694238 0.000000
v 0.763102 -1.694238 -0.096474
v 0.742525 -1.701382 -0.142885
v 0.707749 -1.694570 -0.251348
v 0.649616 -1.694570 -0.313564
v 0.547784 -1.694570 -0.388346
v 0.436712 -1.694570 -0.421225
v 0.267646 -1.694570 -0.453601
v 0.622098 -1.694238 0.000000
v 0.611876 -1.694238 -0.096474
v 0.604917 -1.701382 -0.142885
v 0.570141 -1.694570 -0.251348
v 0.267646 -1.681449 -0.268180
v 0.436712 -1.694570 -0.235805
v 0.267646 -1.677519 -0.199294
v 0.436712 -1.694570 -0.166919
v 0.267646 -1.677519 -0.124191
v 0.436712 -1.694570 -0.091816
v 0.267646 -1.677519 0.000000
v 0.436712 -1.694570 0.000000
v -0.824959 -1.658200 0.000000
v -0.824959 0.465229 -0.000000
v -0.809108 -1.658200 -0.160941
v -0.809108 0.465229 -0.160941
v -0.762163 -1.658200 -0.315698
v -0.762163 0.465229 -0.315698
v -0.685928 -1.658200 -0.376650
v -0.685928 0.465229 -0.376650
v -0.583334 -1.658200 -0.441583
v -0.583334 0.465229 -0.441584
v -0.458323 -1.658200 -0.491429
v -0.458323 0.465229 -0.491429
v -0.315698 -1.658200 -0.520361
v -0.315698 0.465229 -0.520362
v -0.160941 -1.658200 -0.525062
v -0.160941 0.465229 -0.523080
v 0.000000 -1.658200 -0.522902
v 0.000000 0.465229 -0.522902
v -0.780500 -1.719135 0.000000
v -0.765502 -1.719135 -0.152267
v -0.721088 -1.719135 -0.298684
v -0.648962 -1.719135 -0.351949
v -0.551897 -1.719135 -0.410146
v -0.433622 -1.719135 -0.454462
v -0.298684 -1.719135 -0.479286
v -0.152268 -1.719135 -0.496862
v 0.000000 -1.719135 -0.494118
v -0.732267 -1.763086 0.000000
v -0.718197 -1.763086 -0.142858
v -0.676527 -1.763086 -0.280226
v -0.608858 -1.763086 -0.325153
v -0.517791 -1.763086 -0.376041
v -0.406826 -1.763086 -0.414358
v -0.280227 -1.763086 -0.434725
v -0.142858 -1.763086 -0.449557
v 0.000000 -1.763086 -0.450152
v -0.791874 0.603929 -0.000000
v -0.776659 0.603929 -0.154487
v -0.731597 0.603929 -0.303037
v -0.658420 0.603929 -0.358269
v -0.559940 0.603929 -0.418189
v -0.439942 0.603929 -0.463920
v -0.303037 0.603929 -0.489795
v -0.154487 0.603929 -0.499515
v 0.000000 0.603929 -0.498549
v -0.748292 0.717841 -0.000000
v -0.733913 0.717841 -0.145984
v -0.691331 0.717841 -0.286359
v -0.622182 0.717841 -0.334056
v -0.529122 0.717841 -0.387372
v -0.415729 0.717841 -0.427682
v -0.286359 0.717841 -0.449530
v -0.145984 0.717841 -0.466956
v 0.000000 0.717841 -0.466328
v -0.659653 0.799857 -0.000000
v -0.646978 0.799857 -0.128692
v -0.609440 0.799857 -0.252438
v -0.548482 0.799857 -0.302754
v -0.466445 0.799857 -0.340726
v -0.366484 0.799857 -0.392955
v -0.252438 0.799857 -0.415729
v -0.128692 0.799857 -0.429994
v 0.000000 0.799857 -0.438075
v -0.507970 0.909213 -0.000000
v -0.498210 0.909213 -0.099100
v -0.469303 0.909213 -0.194392
v -0.422362 0.909213 -0.250390
v -0.359189 0.909213 -0.307119
v -0.282213 0.909213 -0.348087
v -0.194392 0.909213 -0.368202
v -0.099100 0.909213 -0.381835
v 0.000000 0.909213 -0.394142
v -0.384146 1.004899 -0.000000
v -0.376765 1.004899 -0.074943
v -0.354905 1.004899 -0.147006
v -0.319406 1.004899 -0.213420
v -0.271632 1.004899 -0.271632
v -0.213420 1.004899 -0.319406
v -0.147006 1.004899 -0.342348
v -0.074943 1.004899 -0.360420
v 0.000000 1.004899 -0.368836
v -0.354970 1.091472 -0.000000
v -0.348150 1.091472 -0.069251
v -0.327950 1.091472 -0.135841
v -0.295147 1.091472 -0.197211
v -0.251002 1.091472 -0.251002
v -0.197211 1.091472 -0.295147
v -0.135841 1.091472 -0.327950
v -0.069251 1.091472 -0.348150
v 0.000000 1.091472 -0.354970
v -0.333971 1.579901 -0.000000
v -0.327553 1.579901 -0.065154
v -0.308549 1.579901 -0.127805
v -0.277686 1.579901 -0.185544
v -0.236153 1.579901 -0.236153
v -0.185544 1.579901 -0.277686
v -0.127805 1.579901 -0.308549
v -0.065154 1.579901 -0.327553
v 0.000000 1.579901 -0.333971
v -0.365145 1.617872 -0.000000
v -0.358129 1.617872 -0.071236
v -0.337350 1.617872 -0.139735
v -0.303607 1.617872 -0.202864
v -0.258197 1.617872 -0.258197
v -0.202864 1.617872 -0.303607
v -0.139735 1.617872 -0.337350
v -0.071236 1.617872 -0.358129
v 0.000000 1.617872 -0.365145
v -0.365145 1.696977 -0.000000
v -0.358129 1.696977 -0.071236
v -0.337350 1.696977 -0.139735
v -0.303607 1.696977 -0.202864
v -0.258197 1.696977 -0.258197
v -0.202864 1.696977 -0.303607
v -0.139735 1.696977 -0.337350
v -0.071236 1.696977 -0.358129
v 0.000000 1.696977 -0.365145
v -0.334891 1.738112 -0.000000
v -0.328457 1.738112 -0.065334
v -0.309399 1.738112 -0.128157
v -0.278452 1.738112 -0.186056
v -0.236804 1.738112 -0.236804
v -0.186056 1.738112 -0.278452
v -0.128157 1.738112 -0.309399
v -0.065334 1.738112 -0.328457
v 0.000000 1.738112 -0.334892
v -0.142858 -1.763086 -0.228837
v 0.000000 -1.763086 -0.242908
v -0.406826 -1.763086 -0.202083
v -0.280227 -1.763086 -0.222450
v -0.615483 -1.763086 -0.157815
v -0.511166 -1.763086 -0.158657
v -0.615483 -1.763086 0.000000
v -0.511166 -1.763086 0.000000
v -0.406826 -1.763086 0.000000
v -0.280227 -1.763086 0.000000
v -0.142858 -1.763086 0.000000
v 0.000000 -1.763086 0.000000
v -0.313855 1.740084 -0.000000
v -0.307420 1.740084 -0.040347
v -0.288363 1.740084 -0.103170
v -0.257416 1.740084 -0.161068
v -0.215768 1.740084 -0.211817
v -0.165019 1.740084 -0.253465
v -0.107121 1.740084 -0.284412
v -0.044298 1.740084 -0.303469
v 0.000000 1.740084 -0.309904
v -0.313855 0.974343 -0.000000
v -0.307420 0.974343 -0.040347
v -0.288363 0.974343 -0.103170
v -0.257416 0.974343 -0.161068
v -0.215768 0.974343 -0.211817
v -0.165019 0.974343 -0.253465
v -0.107121 0.974343 -0.284412
v -0.044298 0.974343 -0.303469
v 0.000000 0.974343 -0.309904
v -0.714868 0.721847 -0.000000
v -0.726010 0.722647 -0.049870
v -0.717107 0.715102 -0.111598
v -0.672298 0.724739 -0.249002
v -0.578442 0.724164 -0.305416
v -0.481468 0.719235 -0.361637
v -0.309796 0.721847 -0.400085
v -0.186700 0.721847 -0.437426
v 0.000000 0.721847 -0.450034
v -0.806418 0.443172 -0.000000
v -0.793810 0.443172 -0.052041
v -0.785226 0.434359 -0.109286
v -0.742332 0.442762 -0.243068
v -0.670630 0.442762 -0.319809
v -0.545026 0.442762 -0.412048
v -0.408025 0.442762 -0.452602
v -0.284929 0.442762 -0.489943
v 0.000000 0.442762 -0.502551
v -0.806418 -1.622414 0.000000
v -0.793810 -1.622414 -0.052041
v -0.785226 -1.631226 -0.109286
v -0.742332 -1.622823 -0.243068
v -0.670630 -1.622823 -0.319808
v -0.545026 -1.622824 -0.412047
v -0.408025 -1.622824 -0.452602
v -0.284929 -1.622824 -0.489942
v 0.000000 -1.622824 -0.502551
v -0.772873 -1.694238 0.000000
v -0.763102 -1.694238 -0.096474
v -0.742525 -1.701382 -0.142885
v -0.707749 -1.694570 -0.251348
v -0.649616 -1.694570 -0.313564
v -0.547784 -1.694570 -0.388346
v -0.436712 -1.694570 -0.421225
v -0.267646 -1.694570 -0.453601
v 0.000000 -1.694570 -0.461721
v 0.000000 -1.661497 -0.207415
v 0.000000 -1.679575 -0.276300
v -0.622098 -1.694238 0.000000
v -0.611876 -1.694238 -0.096474
v -0.604917 -1.701382 -0.142885
v -0.570141 -1.694570 -0.251348
v -0.267646 -1.681449 -0.268180
v -0.436712 -1.694570 -0.235805
v -0.267646 -1.677519 -0.199294
v -0.436712 -1.694570 -0.166919
v 0.000000 -1.661497 -0.132312
v -0.267646 -1.677519 -0.124191
v -0.436712 -1.694570 -0.091816
v 0.000000 -1.661497 0.000000
v -0.267646 -1.677519 0.000000
v -0.436712 -1.694570 0.000000
vn 0.9525 -0.3044 -0.0000
vn 0.9933 0.1160 -0.0000
vn 0.9742 0.1160 0.1938
vn 0.9342 -0.3044 0.1858
vn 0.8230 0.1143 0.5564
vn 0.7940 -0.2943 0.5319
vn 0.5738 0.1081 0.8118
vn 0.5530 -0.2892 0.7814
vn 0.4501 0.1103 0.8861
vn 0.4347 -0.2928 0.8516
vn 0.2825 0.1108 0.9528
vn 0.2734 -0.2940 0.9158
vn 0.1152 0.1045 0.9878
vn 0.1183 -0.2778 0.9533
vn 0.0137 0.0918 0.9957
vn 0.0187 -0.2395 0.9707
vn -0.0000 0.0856 0.9963
vn -0.0000 -0.2167 0.9762
vn -0.0000 -0.5821 0.8131
vn 0.0309 -0.5992 0.8000
vn 0.3332 -0.6433 0.6893
vn 0.4290 -0.6344 0.6431
vn 0.2045 -0.6455 0.7359
vn 0.7329 -0.6646 0.1458
vn 0.7472 -0.6646 -0.0000
vn 0.1039 -0.6337 0.7665
vn 0.6146 -0.6568 0.4369
vn 0.3731 -0.9248 0.0742
vn 0.3804 -0.9248 -0.0000
vn 0.3364 -0.9032 0.2664
vn 0.2072 -0.9210 0.3299
vn 0.1609 -0.9193 0.3592
vn 0.0951 -0.9201 0.3799
vn 0.0520 -0.9271 0.3712
vn 0.0185 -0.9248 0.3799
vn -0.0000 -0.9270 0.3750
vn 0.4220 0.2793 0.8625
vn 0.2609 0.2807 0.9236
vn 0.9558 0.2942 -0.0000
vn 0.9374 0.2942 0.1865
vn 0.1208 0.2676 0.9559
vn 0.7848 0.2913 0.5470
vn 0.0308 0.2380 0.9708
vn 0.5392 0.2731 0.7966
vn -0.0000 0.2221 0.9750
vn 0.2537 0.4409 0.8610
vn 0.1328 0.3825 0.9143
vn 0.0556 0.3461 0.9366
vn -0.0000 0.3230 0.9464
vn 0.8326 0.5539 -0.0000
vn 0.8166 0.5539 0.1624
vn 0.6907 0.5315 0.4904
vn 0.4746 0.4981 0.7257
vn 0.3769 0.4779 0.7934
vn 0.6354 0.7722 -0.0000
vn 0.6232 0.7722 0.1240
vn 0.5413 0.7545 0.3710
vn 0.4147 0.6921 0.5908
vn 0.3672 0.6263 0.6876
vn 0.2675 0.5309 0.8041
vn 0.1430 0.4487 0.8822
vn 0.0812 0.4069 0.9098
vn -0.0000 0.3844 0.9231
vn 0.5861 0.8018 0.1166
vn 0.5976 0.8018 -0.0000
vn 0.8082 0.5889 -0.0000
vn 0.7927 0.5889 0.1577
vn 0.5334 0.7921 0.2966
vn 0.4755 0.7318 0.4882
vn 0.4380 0.6423 0.6290
vn 0.3156 0.5284 0.7882
vn 0.1805 0.4097 0.8942
vn 0.1235 0.3467 0.9298
vn -0.0000 0.3271 0.9450
vn 0.5805 0.4928 0.6482
vn 0.6729 0.5492 0.4956
vn 0.8172 0.1846 0.5460
vn 0.6950 0.1846 0.6950
vn 0.7442 0.5817 0.3281
vn 0.4130 0.3931 0.8215
vn 0.2670 0.2800 0.9221
vn 0.1640 0.2176 0.9622
vn -0.0000 0.2027 0.9792
vn 0.1886 0.1031 0.9766
vn 0.3540 0.1300 0.9262
vn 0.3823 0.0430 0.9230
vn 0.1949 0.0430 0.9799
vn 0.5308 0.1695 0.8304
vn -0.0000 0.0983 0.9952
vn 0.9828 0.1846 -0.0000
vn 0.9639 0.1846 0.1917
vn 0.9080 0.1846 0.3761
vn -0.0000 0.0430 0.9991
vn 0.9991 0.0430 -0.0000
vn 0.9799 0.0430 0.1949
vn 0.9230 0.0430 0.3823
vn 0.8307 0.0430 0.5551
vn 0.7065 0.0430 0.7065
vn 0.5551 0.0430 0.8307
vn 0.7580 -0.6345 0.1508
vn 0.7729 -0.6345 -0.0000
vn 0.9438 -0.3305 -0.0000
vn 0.9257 -0.3305 0.1841
vn 0.7141 -0.6345 0.2958
vn 0.8720 -0.3305 0.3612
vn 0.6426 -0.6345 0.4294
vn 0.7847 -0.3305 0.5244
vn 0.5465 -0.6345 0.5465
vn 0.6674 -0.3305 0.6674
vn 0.4294 -0.6345 0.6426
vn 0.5244 -0.3305 0.7847
vn 0.2958 -0.6345 0.7141
vn 0.3612 -0.3305 0.8720
vn 0.1508 -0.6345 0.7580
vn 0.1841 -0.3305 0.9257
vn -0.0000 -0.6345 0.7729
vn -0.0000 -0.3305 0.9438
vn 0.9520 0.3062 -0.0000
vn 0.9337 0.3062 0.1857
vn 0.8795 0.3062 0.3643
vn 0.7915 0.3062 0.5289
vn 0.6731 0.3062 0.6731
vn 0.5289 0.3062 0.7915
vn 0.3643 0.3062 0.8795
vn 0.1857 0.3062 0.9337
vn -0.0000 0.3062 0.9520
vn 0.4622 0.8656 0.1925
vn 0.4145 0.8666 0.2776
vn 0.3521 0.8671 0.3523
vn 0.2769 0.8671 0.4141
vn 0.1915 0.8666 0.4609
vn 0.0990 0.8652 0.4915
vn -0.0000 0.8637 0.5040
vn 0.5089 0.8608 -0.0000
vn 0.4943 0.8635 0.1001
vn -0.0000 -1.0000 -0.0000
vn -0.3668 0.7516 -0.5483
vn -0.2529 0.7526 -0.6080
vn -0.5472 0.7524 -0.3667
vn -0.4663 0.7515 -0.4667
vn -0.6416 0.7519 -0.1516
vn -0.6057 0.7545 -0.2527
vn -0.1464 0.7498 -0.6453
vn -0.6311 0.7757 -0.0000
vn -0.0000 0.7680 -0.6405
vn -0.3254 -0.3040 -0.8954
vn -0.1845 -0.2731 -0.9441
vn -0.5889 -0.4203 -0.6903
vn -0.4464 -0.3485 -0.8242
vn -0.8098 -0.5010 -0.3054
vn -0.7132 -0.4744 -0.5160
vn -0.8600 -0.5104 -0.0000
vn -0.8507 -0.4971 -0.1709
vn -0.0000 -0.2612 -0.9653
vn -0.8013 -0.5587 -0.2138
vn -0.6947 -0.5396 -0.4756
vn -0.7802 -0.6255 -0.0000
vn -0.8054 -0.5864 -0.0864
vn -0.1639 -0.3824 -0.9093
vn -0.0000 -0.3454 -0.9385
vn -0.3706 -0.4715 -0.8003
vn -0.2563 -0.4276 -0.8669
vn -0.5001 -0.5211 -0.6916
vn -0.1800 -0.1207 -0.9762
vn -0.0000 -0.0971 -0.9953
vn -0.4283 -0.1228 -0.8952
vn -0.2747 -0.1290 -0.9528
vn -0.8476 -0.1090 -0.5193
vn -0.6270 -0.1064 -0.7717
vn -0.9805 -0.1344 -0.1431
vn -0.9676 -0.1069 -0.2287
vn -0.9905 -0.1373 -0.0000
vn -0.9679 0.1786 -0.1770
vn -0.9510 0.1982 -0.2372
vn -0.2651 0.1854 -0.9462
vn -0.1541 0.2212 -0.9630
vn -0.6621 0.1264 -0.7387
vn -0.4326 0.1350 -0.8914
vn -0.8566 0.1670 -0.4882
vn -0.9827 0.1850 -0.0000
vn -0.0000 0.2442 -0.9697
vn -0.2505 0.3332 -0.9090
vn -0.1142 0.4456 -0.8879
vn -0.6363 0.2499 -0.7299
vn -0.4455 0.2653 -0.8550
vn -0.8844 0.3783 -0.2733
vn -0.7906 0.3209 -0.5214
vn -0.9283 0.3719 -0.0000
vn -0.9138 0.3631 -0.1820
vn -0.0000 0.4767 -0.8790
vn -0.0000 0.9971 0.0756
vn 0.0242 0.9981 0.0570
vn 0.0446 0.9962 0.0750
vn -0.0000 0.9932 0.1160
vn -0.0000 0.9990 -0.0437
vn -0.0000 0.9976 0.0690
vn 0.0104 0.9996 0.0275
vn 0.0061 0.9997 -0.0222
vn -0.0000 0.9980 0.0624
vn 0.0047 0.9984 0.0555
vn -0.0000 1.0000 -0.0000
vn -0.0009 1.0000 -0.0000
vn 0.0263 0.9994 0.0204
vn 0.0422 0.9991 0.0066
vn 0.0598 0.9982 0.0106
vn 0.0731 0.9962 0.0468
vn -0.0000 0.9968 0.0803
vn 0.0552 0.9984 0.0147
vn 0.0801 0.9968 -0.0000
vn 0.0493 0.9988 -0.0000
vn -0.9525 -0.3044 -0.0000
vn -0.9342 -0.3044 0.1858
vn -0.9742 0.1160 0.1938
vn -0.9933 0.1160 -0.0000
vn -0.7940 -0.2943 0.5319
vn -0.8230 0.1143 0.5564
vn -0.5530 -0.2892 0.7814
vn -0.5738 0.1081 0.8118
vn -0.4347 -0.2928 0.8516
vn -0.4501 0.1103 0.8861
vn -0.2734 -0.2940 0.9158
vn -0.2825 0.1108 0.9528
vn -0.1183 -0.2778 0.9533
vn -0.1152 0.1045 0.9878
vn -0.0187 -0.2395 0.9707
vn -0.0137 0.0918 0.9957
vn -0.0309 -0.5992 0.8000
vn -0.4290 -0.6344 0.6431
vn -0.3332 -0.6433 0.6893
vn -0.2045 -0.6455 0.7359
vn -0.7472 -0.6646 -0.0000
vn -0.7329 -0.6646 0.1458
vn -0.1039 -0.6337 0.7665
vn -0.6146 -0.6568 0.4369
vn -0.3804 -0.9248 -0.0000
vn -0.3731 -0.9248 0.0742
vn -0.3364 -0.9032 0.2664
vn -0.2072 -0.9210 0.3299
vn -0.1609 -0.9193 0.3592
vn -0.0951 -0.9201 0.3799
vn -0.0520 -0.9271 0.3712
vn -0.0185 -0.9248 0.3799
vn -0.2609 0.2807 0.9236
vn -0.4220 0.2793 0.8625
vn -0.9374 0.2942 0.1865
vn -0.9558 0.2942 -0.0000
vn -0.1208 0.2676 0.9559
vn -0.7848 0.2913 0.5470
vn -0.0308 0.2380 0.9708
vn -0.5392 0.2731 0.7966
vn -0.1328 0.3825 0.9143
vn -0.2537 0.4409 0.8610
vn -0.0556 0.3461 0.9366
vn -0.8166 0.5539 0.1624
vn -0.8326 0.5539 -0.0000
vn -0.6907 0.5315 0.4904
vn -0.4746 0.4981 0.7257
vn -0.3769 0.4779 0.7934
vn -0.6232 0.7722 0.1240
vn -0.6354 0.7722 -0.0000
vn -0.5413 0.7545 0.3710
vn -0.4147 0.6921 0.5908
vn -0.3672 0.6263 0.6876
vn -0.2675 0.5309 0.8041
vn -0.1430 0.4487 0.8822
vn -0.0812 0.4069 0.9098
vn -0.5861 0.8018 0.1166
vn -0.7927 0.5889 0.1577
vn -0.8082 0.5889 -0.0000
vn -0.5976 0.8018 -0.0000
vn -0.5334 0.7921 0.2966
vn -0.4755 0.7318 0.4882
vn -0.4380 0.6423 0.6290
vn -0.3156 0.5284 0.7882
vn -0.1805 0.4097 0.8942
vn -0.1235 0.3467 0.9298
vn -0.5805 0.4928 0.6482
vn -0.6950 0.1846 0.6950
vn -0.8172 0.1846 0.5460
vn -0.6729 0.5492 0.4956
vn -0.7442 0.5817 0.3281
vn -0.4130 0.3931 0.8215
vn -0.2670 0.2800 0.9221
vn -0.1640 0.2176 0.9622
vn -0.1886 0.1031 0.9766
vn -0.1949 0.0430 0.9799
vn -0.3823 0.0430 0.9230
vn -0.3540 0.1300 0.9262
vn -0.5308 0.1695 0.8304
vn -0.9639 0.1846 0.1917
vn -0.9828 0.1846 -0.0000
vn -0.9080 0.1846 0.3761
vn -0.9799 0.0430 0.1949
vn -0.9991 0.0430 -0.0000
vn -0.9230 0.0430 0.3823
vn -0.8307 0.0430 0.5551
vn -0.7065 0.0430 0.7065
vn -0.5551 0.0430 0.8307
vn -0.7580 -0.6345 0.1508
vn -0.9257 -0.3305 0.1841
vn -0.9438 -0.3305 -0.0000
vn -0.7729 -0.6345 -0.0000
vn -0.7141 -0.6345 0.2958
vn -0.8720 -0.3305 0.3612
vn -0.6426 -0.6345 0.4294
vn -0.7847 -0.3305 0.5244
vn -0.5465 -0.6345 0.5465
vn -0.6674 -0.3305 0.6674
vn -0.4294 -0.6345 0.6426
vn -0.5244 -0.3305 0.7847
vn -0.2958 -0.6345 0.7141
vn -0.3612 -0.3305 0.8720
vn -0.1508 -0.6345 0.7580
vn -0.1841 -0.3305 0.9257
vn -0.9337 0.3062 0.1857
vn -0.9520 0.3062 -0.0000
vn -0.8795 0.3062 0.3643
vn -0.7915 0.3062 0.5289
vn -0.6731 0.3062 0.6731
vn -0.5289 0.3062 0.7915
vn -0.3643 0.3062 0.8795
vn -0.1857 0.3062 0.9337
vn -0.4145 0.8666 0.2776
vn -0.4622 0.8656 0.1925
vn -0.3521 0.8671 0.3523
vn -0.2769 0.8671 0.4141
vn -0.1915 0.8666 0.4609
vn -0.0990 0.8652 0.4915
vn -0.4943 0.8635 0.1001
vn -0.5089 0.8608 -0.0000
vn 0.2529 0.7526 -0.6080
vn 0.3668 0.7516 -0.5483
vn 0.4663 0.7515 -0.4667
vn 0.5472 0.7524 -0.3667
vn 0.6057 0.7545 -0.2527
vn 0.6416 0.7519 -0.1516
vn 0.1464 0.7498 -0.6453
vn 0.6311 0.7757 -0.0000
vn 0.1845 -0.2731 -0.9441
vn 0.3254 -0.3041 -0.8954
vn 0.4464 -0.3485 -0.8242
vn 0.5889 -0.4203 -0.6903
vn 0.7132 -0.4744 -0.5160
vn 0.8098 -0.5010 -0.3054
vn 0.8507 -0.4971 -0.1709
vn 0.8600 -0.5104 -0.0000
vn 0.6947 -0.5396 -0.4756
vn 0.8013 -0.5587 -0.2138
vn 0.8054 -0.5864 -0.0864
vn 0.7802 -0.6255 -0.0000
vn 0.1639 -0.3824 -0.9093
vn 0.2563 -0.4276 -0.8669
vn 0.3706 -0.4715 -0.8003
vn 0.5001 -0.5211 -0.6916
vn 0.1800 -0.1207 -0.9762
vn 0.2747 -0.1290 -0.9528
vn 0.4283 -0.1228 -0.8952
vn 0.6270 -0.1064 -0.7717
vn 0.8476 -0.1090 -0.5193
vn 0.9676 -0.1069 -0.2287
vn 0.9805 -0.1344 -0.1431
vn 0.9905 -0.1373 -0.0000
vn 0.9510 0.1982 -0.2372
vn 0.9679 0.1786 -0.1770
vn 0.1541 0.2212 -0.9630
vn 0.2651 0.1854 -0.9462
vn 0.4326 0.1350 -0.8914
vn 0.6621 0.1264 -0.7387
vn 0.8566 0.1670 -0.4882
vn 0.9827 0.1850 -0.0000
vn 0.1142 0.4456 -0.8879
vn 0.2505 0.3332 -0.9090
vn 0.4455 0.2653 -0.8550
vn 0.6363 0.2499 -0.7299
vn 0.7906 0.3209 -0.5214
vn 0.8844 0.3783 -0.2733
vn 0.9138 0.3631 -0.1820
vn 0.9283 0.3719 -0.0000
vn -0.0446 0.9962 0.0750
vn -0.0242 0.9981 0.0570
vn -0.0061 0.9997 -0.0222
vn -0.0104 0.9996 0.0275
vn -0.0047 0.9984 0.0555
vn 0.0009 1.0000 -0.0000
vn -0.0422 0.9991 0.0066
vn -0.0263 0.9994 0.0204
vn -0.0731 0.9962 0.0468
vn -0.0598 0.9982 0.0106
vn -0.0801 0.9968 -0.0000
vn -0.0552 0.9984 0.0147
vn -0.0493 0.9988 -0.0000
vn 0.9342 -0.3044 -0.1858
vn 0.9742 0.1160 -0.1938
vn 0.7940 -0.2943 -0.5319
vn 0.8230 0.1143 -0.5564
vn 0.5530 -0.2892 -0.7814
vn 0.5738 0.1081 -0.8118
vn 0.4347 -0.2928 -0.8516
vn 0.4501 0.1103 -0.8861
vn 0.2734 -0.2940 -0.9158
vn 0.2825 0.1108 -0.9528
vn 0.1183 -0.2778 -0.9533
vn 0.1152 0.1045 -0.9878
vn 0.0187 -0.2395 -0.9707
vn 0.0137 0.0918 -0.9957
vn -0.0000 -0.2167 -0.9762
vn -0.0000 0.0856 -0.9963
vn 0.0309 -0.5992 -0.8000
vn -0.0000 -0.5821 -0.8131
vn 0.4290 -0.6344 -0.6431
vn 0.3332 -0.6433 -0.6893
vn 0.2045 -0.6455 -0.7359
vn 0.7329 -0.6646 -0.1458
vn 0.1039 -0.6337 -0.7665
vn 0.6146 -0.6568 -0.4369
vn 0.3731 -0.9248 -0.0742
vn 0.3364 -0.9032 -0.2664
vn 0.2072 -0.9210 -0.3299
vn 0.1609 -0.9193 -0.3592
vn 0.0951 -0.9201 -0.3799
vn 0.0520 -0.9271 -0.3712
vn 0.0185 -0.9248 -0.3799
vn -0.0000 -0.9270 -0.3750
vn 0.2609 0.2807 -0.9236
vn 0.4220 0.2793 -0.8625
vn 0.9374 0.2942 -0.1865
vn 0.1208 0.2676 -0.9559
vn 0.7848 0.2913 -0.5470
vn 0.0308 0.2380 -0.9708
vn 0.5392 0.2731 -0.7966
vn -0.0000 0.2221 -0.9750
vn 0.1328 0.3825 -0.9144
vn 0.2537 0.4409 -0.8610
vn 0.0556 0.3461 -0.9366
vn -0.0000 0.3230 -0.9464
vn 0.8166 0.5539 -0.1624
vn 0.6907 0.5315 -0.4904
vn 0.4746 0.4981 -0.7257
vn 0.3769 0.4779 -0.7934
vn 0.6232 0.7722 -0.1240
vn 0.5413 0.7545 -0.3710
vn 0.4147 0.6921 -0.5908
vn 0.3672 0.6263 -0.6876
vn 0.2675 0.5309 -0.8041
vn 0.1430 0.4487 -0.8822
vn 0.0812 0.4069 -0.9098
vn -0.0000 0.3844 -0.9231
vn 0.5861 0.8018 -0.1166
vn 0.7927 0.5889 -0.1577
vn 0.5334 0.7921 -0.2966
vn 0.4755 0.7318 -0.4882
vn 0.4380 0.6423 -0.6290
vn 0.3156 0.5284 -0.7882
vn 0.1805 0.4097 -0.8942
vn 0.1235 0.3467 -0.9298
vn -0.0000 0.3271 -0.9450
vn 0.5805 0.4928 -0.6482
vn 0.6950 0.1846 -0.6950
vn 0.8172 0.1846 -0.5460
vn 0.6729 0.5492 -0.4956
vn 0.7442 0.5817 -0.3281
vn 0.4130 0.3931 -0.8215
vn 0.2670 0.2800 -0.9221
vn 0.1640 0.2176 -0.9622
vn -0.0000 0.2027 -0.9792
vn 0.1886 0.1031 -0.9766
vn 0.1949 0.0430 -0.9799
vn 0.3823 0.0430 -0.9230
vn 0.3540 0.1300 -0.9262
vn 0.5308 0.1695 -0.8304
vn -0.0000 0.0983 -0.9952
vn 0.9639 0.1846 -0.1917
vn 0.9080 0.1846 -0.3761
vn -0.0000 0.0430 -0.9991
vn 0.9799 0.0430 -0.1949
vn 0.9230 0.0430 -0.3823
vn 0.8307 0.0430 -0.5551
vn 0.7065 0.0430 -0.7065
vn 0.5551 0.0430 -0.8307
vn 0.7580 -0.6345 -0.1508
vn 0.9257 -0.3305 -0.1841
vn 0.7141 -0.6345 -0.2958
vn 0.8720 -0.3305 -0.3612
vn 0.6426 -0.6345 -0.4294
vn 0.7847 -0.3305 -0.5244
vn 0.5465 -0.6345 -0.5465
vn 0.6674 -0.3305 -0.6674
vn 0.4294 -0.6345 -0.6426
vn 0.5244 -0.3305 -0.7847
vn 0.2958 -0.6345 -0.7141
vn 0.3612 -0.3305 -0.8720
vn 0.1508 -0.6345 -0.7580
vn 0.1841 -0.3305 -0.9257
vn -0.0000 -0.6345 -0.7729
vn -0.0000 -0.3305 -0.9438
vn 0.9337 0.3062 -0.1857
vn 0.8795 0.3062 -0.3643
vn 0.7915 0.3062 -0.5289
vn 0.6731 0.3062 -0.6731
vn 0.5289 0.3062 -0.7915
vn 0.3643 0.3062 -0.8795
vn 0.1857 0.3062 -0.9337
vn -0.0000 0.3062 -0.9520
vn 0.4145 0.8666 -0.2776
vn 0.4622 0.8656 -0.1925
vn 0.3521 0.8671 -0.3523
vn 0.2769 0.8671 -0.4141
vn 0.1915 0.8666 -0.4609
vn 0.0990 0.8652 -0.4915
vn -0.0000 0.8637 -0.5040
vn 0.4943 0.8635 -0.1001
vn -0.2529 0.7526 0.6080
vn -0.3668 0.7516 0.5483
vn -0.4663 0.7515 0.4667
vn -0.5472 0.7524 0.3667
vn -0.6057 0.7545 0.2527
vn -0.6416 0.7519 0.1516
vn -0.1464 0.7498 0.6453
vn -0.0000 0.7680 0.6405
vn -0.1845 -0.2731 0.9441
vn -0.3254 -0.3040 0.8954
vn -0.4464 -0.3485 0.8242
vn -0.5889 -0.4203 0.6903
vn -0.7132 -0.4744 0.5160
vn -0.8098 -0.5010 0.3054
vn -0.8507 -0.4971 0.1709
vn -0.0000 -0.2612 0.9653
vn -0.6947 -0.5396 0.4756
vn -0.8013 -0.5587 0.2138
vn -0.8054 -0.5864 0.0864
vn -0.0000 -0.3454 0.9385
vn -0.1639 -0.3824 0.9093
vn -0.2563 -0.4276 0.8669
vn -0.3706 -0.4715 0.8003
vn -0.5001 -0.5211 0.6916
vn -0.0000 -0.0971 0.9953
vn -0.1800 -0.1207 0.9762
vn -0.2747 -0.1290 0.9528
vn -0.4283 -0.1228 0.8952
vn -0.6270 -0.1064 0.7717
vn -0.8476 -0.1090 0.5193
vn -0.9676 -0.1069 0.2287
vn -0.9805 -0.1344 0.1431
vn -0.9510 0.1982 0.2372
vn -0.9679 0.1786 0.1770
vn -0.1541 0.2212 0.9630
vn -0.2651 0.1854 0.9462
vn -0.4326 0.1350 0.8914
vn -0.6621 0.1264 0.7387
vn -0.8566 0.1670 0.4882
vn -0.0000 0.2442 0.9697
vn -0.1142 0.4456 0.8879
vn -0.2505 0.3332 0.9090
vn -0.4455 0.2653 0.8550
vn -0.6363 0.2499 0.7299
vn -0.7906 0.3209 0.5214
vn -0.8844 0.3783 0.2733
vn -0.9138 0.3631 0.1820
vn -0.0000 0.4767 0.8790
vn -0.0000 0.9971 -0.0756
vn -0.0000 0.9932 -0.1160
vn 0.0446 0.9962 -0.0750
vn 0.0242 0.9981 -0.0570
vn -0.0000 0.9990 0.0437
vn 0.0061 0.9997 0.0222
vn 0.0104 0.9996 -0.0275
vn -0.0000 0.9976 -0.0690
vn 0.0047 0.9984 -0.0555
vn -0.0000 0.9980 -0.0624
vn 0.0422 0.9991 -0.0066
vn 0.0263 0.9994 -0.0204
vn 0.0731 0.9962 -0.0468
vn 0.0598 0.9982 -0.0106
vn -0.0000 0.9968 -0.0803
vn 0.0552 0.9984 -0.0147
vn -0.9742 0.1160 -0.1938
vn -0.9342 -0.3044 -0.1858
vn -0.8230 0.1143 -0.5564
vn -0.7940 -0.2943 -0.5319
vn -0.5738 0.1081 -0.8118
vn -0.5530 -0.2892 -0.7814
vn -0.4501 0.1103 -0.8861
vn -0.4347 -0.2928 -0.8516
vn -0.2825 0.1108 -0.9528
vn -0.2734 -0.2940 -0.9158
vn -0.1152 0.1045 -0.9878
vn -0.1183 -0.2778 -0.9533
vn -0.0137 0.0918 -0.9957
vn -0.0187 -0.2395 -0.9707
vn -0.0309 -0.5992 -0.8000
vn -0.3332 -0.6433 -0.6893
vn -0.4290 -0.6344 -0.6431
vn -0.2045 -0.6455 -0.7359
vn -0.7329 -0.6646 -0.1458
vn -0.1039 -0.6337 -0.7665
vn -0.6146 -0.6568 -0.4369
vn -0.3731 -0.9248 -0.0742
vn -0.3364 -0.9032 -0.2664
vn -0.2072 -0.9210 -0.3299
vn -0.1609 -0.9193 -0.3592
vn -0.0951 -0.9201 -0.3799
vn -0.0520 -0.9271 -0.3712
vn -0.0185 -0.9248 -0.3799
vn -0.4220 0.2793 -0.8625
vn -0.2609 0.2807 -0.9236
vn -0.9374 0.2942 -0.1865
vn -0.1208 0.2676 -0.9559
vn -0.7848 0.2913 -0.5470
vn -0.0308 0.2380 -0.9708
vn -0.5392 0.2731 -0.7966
vn -0.2537 0.4409 -0.8610
vn -0.1328 0.3825 -0.9144
vn -0.0556 0.3461 -0.9366
vn -0.8166 0.5539 -0.1624
vn -0.6907 0.5315 -0.4904
vn -0.4746 0.4981 -0.7257
vn -0.3769 0.4779 -0.7934
vn -0.6232 0.7722 -0.1240
vn -0.5413 0.7545 -0.3710
vn -0.4147 0.6921 -0.5908
vn -0.3672 0.6263 -0.6876
vn -0.2675 0.5309 -0.8041
vn -0.1430 0.4487 -0.8822
vn -0.0812 0.4069 -0.9098
vn -0.5861 0.8018 -0.1166
vn -0.7927 0.5889 -0.1577
vn -0.5334 0.7921 -0.2966
vn -0.4755 0.7318 -0.4882
vn -0.4380 0.6423 -0.6290
vn -0.3156 0.5284 -0.7882
vn -0.1805 0.4097 -0.8942
vn -0.1235 0.3467 -0.9298
vn -0.5805 0.4928 -0.6482
vn -0.6729 0.5492 -0.4956
vn -0.8172 0.1846 -0.5460
vn -0.6950 0.1846 -0.6950
vn -0.7442 0.5817 -0.3281
vn -0.4130 0.3931 -0.8215
vn -0.2670 0.2800 -0.9221
vn -0.1640 0.2176 -0.9622
vn -0.1886 0.1031 -0.9766
vn -0.3540 0.1300 -0.9262
vn -0.3823 0.0430 -0.9230
vn -0.1949 0.0430 -0.9799
vn -0.5308 0.1695 -0.8304
vn -0.9639 0.1846 -0.1917
vn -0.9080 0.1846 -0.3761
vn -0.9799 0.0430 -0.1949
vn -0.9230 0.0430 -0.3823
vn -0.8307 0.0430 -0.5551
vn -0.7065 0.0430 -0.7065
vn -0.5551 0.0430 -0.8307
vn -0.7580 -0.6345 -0.1508
vn -0.9257 -0.3305 -0.1841
vn -0.7141 -0.6345 -0.2958
vn -0.8720 -0.3305 -0.3612
vn -0.6426 -0.6345 -0.4294
vn -0.7847 -0.3305 -0.5244
vn -0.5465 -0.6345 -0.5465
vn -0.6674 -0.3305 -0.6674
vn -0.4294 -0.6345 -0.6426
vn -0.5244 -0.3305 -0.7847
vn -0.2958 -0.6345 -0.7141
vn -0.3612 -0.3305 -0.8720
vn -0.1508 -0.6345 -0.7580
vn -0.1841 -0.3305 -0.9257
vn -0.9337 0.3062 -0.1857
vn -0.8795 0.3062 -0.3643
vn -0.7915 0.3062 -0.5289
vn -0.6731 0.3062 -0.6731
vn -0.5289 0.3062 -0.7915
vn -0.3643 0.3062 -0.8795
vn -0.1857 0.3062 -0.9337
vn -0.4622 0.8656 -0.1925
vn -0.4145 0.8666 -0.2776
vn -0.3521 0.8671 -0.3523
vn -0.2769 0.8671 -0.4141
vn -0.1915 0.8666 -0.4609
vn -0.0990 0.8652 -0.4915
vn -0.4943 0.8635 -0.1001
vn 0.3668 0.7516 0.5483
vn 0.2529 0.7526 0.6080
vn 0.5472 0.7524 0.3667
vn 0.4663 0.7515 0.4667
vn 0.6416 0.7519 0.1516
vn 0.6057 0.7545 0.2527
vn 0.1464 0.7498 0.6453
vn 0.3254 -0.3040 0.8954
vn 0.1845 -0.2731 0.9441
vn 0.5889 -0.4203 0.6903
vn 0.4464 -0.3485 0.8242
vn 0.8098 -0.5010 0.3054
vn 0.7132 -0.4744 0.5160
vn 0.8507 -0.4971 0.1709
vn 0.8013 -0.5587 0.2138
vn 0.6947 -0.5396 0.4756
vn 0.8054 -0.5864 0.0864
vn 0.1639 -0.3824 0.9093
vn 0.3706 -0.4715 0.8003
vn 0.2563 -0.4276 0.8669
vn 0.5001 -0.5211 0.6916
vn 0.1800 -0.1207 0.9762
vn 0.4283 -0.1228 0.8952
vn 0.2747 -0.1290 0.9528
vn 0.8476 -0.1090 0.5193
vn 0.6270 -0.1064 0.7717
vn 0.9805 -0.1344 0.1431
vn 0.9676 -0.1069 0.2287
vn 0.9679 0.1786 0.1770
vn 0.9510 0.1982 0.2372
vn 0.2651 0.1854 0.9462
vn 0.1541 0.2212 0.9630
vn 0.6621 0.1264 0.7387
vn 0.4326 0.1350 0.8914
vn 0.8566 0.1670 0.4882
vn 0.2505 0.3332 0.9090
vn 0.1142 0.4456 0.8879
vn 0.6363 0.2499 0.7299
vn 0.4455 0.2653 0.8550
vn 0.8844 0.3783 0.2733
vn 0.7906 0.3209 0.5214
vn 0.9138 0.3631 0.1820
vn -0.0242 0.9981 -0.0570
vn -0.0446 0.9962 -0.0750
vn -0.0104 0.9996 -0.0275
vn -0.0061 0.9997 0.0222
vn -0.0047 0.9984 -0.0555
vn -0.0263 0.9994 -0.0204
vn -0.0422 0.9991 -0.0066
vn -0.0598 0.9982 -0.0106
vn -0.0731 0.9962 -0.0468
vn -0.0552 0.9984 -0.0147
vt 0.022939 0.782861
vt 0.022820 0.444980
vt 0.050491 0.450206
vt 0.049569 0.779203
vt 0.076408 0.454194
vt 0.074264 0.776393
vt 0.091190 0.454627
vt 0.088912 0.777329
vt 0.109423 0.454831
vt 0.107457 0.778073
vt 0.129668 0.454502
vt 0.128209 0.778791
vt 0.151764 0.453723
vt 0.150806 0.779682
vt 0.175666 0.452668
vt 0.175071 0.780861
vt 0.200604 0.452164
vt 0.200604 0.781451
vt 0.200604 0.792330
vt 0.176064 0.791631
vt 0.109269 0.789974
vt 0.090641 0.789234
vt 0.129927 0.790697
vt 0.051489 0.791571
vt 0.025528 0.796071
vt 0.152254 0.791611
vt 0.076211 0.787725
vt 0.053391 0.802712
vt 0.028360 0.807339
vt 0.078403 0.798484
vt 0.093086 0.800203
vt 0.111692 0.800811
vt 0.132152 0.801396
vt 0.154016 0.802294
vt 0.177089 0.802234
vt 0.200604 0.802480
vt 0.110877 0.433503
vt 0.130439 0.432831
vt 0.029686 0.418790
vt 0.055913 0.427053
vt 0.152092 0.431602
vt 0.079773 0.432977
vt 0.175726 0.430352
vt 0.093552 0.433425
vt 0.200604 0.429726
vt 0.131462 0.413742
vt 0.152646 0.411960
vt 0.176079 0.410886
vt 0.200603 0.410124
vt 0.038710 0.397314
vt 0.062356 0.407872
vt 0.083786 0.415519
vt 0.096245 0.415333
vt 0.112624 0.414990
vt 0.050644 0.377928
vt 0.070741 0.389492
vt 0.090260 0.398155
vt 0.103042 0.398747
vt 0.117808 0.397620
vt 0.136652 0.397894
vt 0.156408 0.396401
vt 0.178009 0.395344
vt 0.200603 0.395189
vt 0.087370 0.360855
vt 0.072240 0.350291
vt 0.091404 0.327781
vt 0.102919 0.336135
vt 0.103339 0.369154
vt 0.116210 0.371861
vt 0.131414 0.374012
vt 0.147337 0.374583
vt 0.163999 0.373838
vt 0.181933 0.373376
vt 0.200603 0.373767
vt 0.554314 0.398757
vt 0.553712 0.410389
vt 0.539194 0.409462
vt 0.539735 0.398130
vt 0.115551 0.342798
vt 0.129005 0.347952
vt 0.143127 0.351643
vt 0.157648 0.353976
vt 0.171424 0.354197
vt 0.185970 0.354501
vt 0.200602 0.354821
vt 0.540256 0.364274
vt 0.540200 0.375477
vt 0.461092 0.373659
vt 0.461307 0.363380
vt 0.554694 0.387078
vt 0.540054 0.386785
vt 0.554195 0.376211
vt 0.554028 0.364744
vt 0.554019 0.353134
vt 0.540303 0.353134
vt 0.551772 0.433596
vt 0.550257 0.445153
vt 0.536285 0.442967
vt 0.537488 0.431951
vt 0.552883 0.421999
vt 0.538448 0.420752
vt 0.461296 0.353134
vt 0.456645 0.436744
vt 0.457499 0.425877
vt 0.458474 0.415201
vt 0.459375 0.404696
vt 0.460124 0.394292
vt 0.460696 0.383951
vt 0.448328 0.436544
vt 0.449615 0.425091
vt 0.450868 0.414418
vt 0.451901 0.404028
vt 0.452719 0.393758
vt 0.453330 0.383553
vt 0.453752 0.373389
vt 0.454012 0.363239
vt 0.454176 0.353134
vt 0.435377 0.434365
vt 0.437782 0.423431
vt 0.439456 0.413133
vt 0.440670 0.403057
vt 0.441582 0.393048
vt 0.442229 0.383074
vt 0.442665 0.373126
vt 0.442926 0.363158
vt 0.443073 0.353134
vt 0.432016 0.412070
vt 0.433256 0.402296
vt 0.434202 0.392501
vt 0.434832 0.382692
vt 0.435252 0.372914
vt 0.435467 0.363092
vt 0.435484 0.353134
vt 0.427441 0.431830
vt 0.430241 0.421874
vt 0.094819 0.805892
vt 0.117397 0.805797
vt 0.117397 0.838551
vt 0.094819 0.840775
vt 0.053100 0.811454
vt 0.073109 0.808235
vt 0.073109 0.841784
vt 0.053100 0.845003
vt 0.021171 0.825553
vt 0.035563 0.817510
vt 0.036610 0.851866
vt 0.020123 0.851999
vt 0.036610 0.876941
vt 0.020124 0.876941
vt 0.073109 0.876941
vt 0.053100 0.876941
vt 0.010476 0.832653
vt 0.003890 0.854363
vt 0.001667 0.876941
vt 0.117397 0.876941
vt 0.094819 0.876941
vt 0.429783 0.381824
vt 0.430442 0.371148
vt 0.428216 0.403241
vt 0.428979 0.392524
vt 0.425665 0.424153
vt 0.427212 0.413788
vt 0.431040 0.360466
vt 0.424266 0.430593
vt 0.431599 0.353134
vt 0.585183 0.172196
vt 0.585242 0.184885
vt 0.429680 0.187714
vt 0.429448 0.173273
vt 0.585389 0.197478
vt 0.585631 0.209960
vt 0.431134 0.215601
vt 0.430239 0.201859
vt 0.585977 0.222385
vt 0.586419 0.234742
vt 0.435120 0.242235
vt 0.432703 0.228968
vt 0.586952 0.247053
vt 0.587337 0.254792
vt 0.439841 0.262349
vt 0.437883 0.254768
vt 0.585171 0.163504
vt 0.429057 0.163505
vt 0.363620 0.291273
vt 0.359297 0.271651
vt 0.372013 0.307137
vt 0.367747 0.299919
vt 0.366671 0.193359
vt 0.367806 0.163506
vt 0.360682 0.240225
vt 0.365581 0.214219
vt 0.360340 0.256524
vt 0.321404 0.204741
vt 0.322951 0.163508
vt 0.319943 0.244286
vt 0.320815 0.223699
vt 0.321051 0.282257
vt 0.320242 0.266680
vt 0.325002 0.311968
vt 0.322447 0.303339
vt 0.325995 0.320225
vt 0.015770 0.317419
vt 0.014619 0.308662
vt 0.014581 0.226599
vt 0.014961 0.207149
vt 0.015570 0.271897
vt 0.015199 0.248353
vt 0.016097 0.287614
vt 0.015896 0.325531
vt 0.014268 0.163522
vt 0.002975 0.232429
vt 0.002334 0.205522
vt 0.004169 0.270415
vt 0.003770 0.250651
vt 0.002801 0.301799
vt 0.004442 0.283870
vt 0.003847 0.324564
vt 0.004303 0.309733
vt 0.001509 0.163522
vt 0.969993 0.126153
vt 0.967245 0.168427
vt 0.937848 0.167394
vt 0.940643 0.125200
vt 0.933048 0.237008
vt 0.915688 0.241971
vt 0.916379 0.220230
vt 0.933713 0.215249
vt 0.908161 0.244986
vt 0.908927 0.221089
vt 0.892859 0.246038
vt 0.893633 0.222210
vt 0.955482 0.212376
vt 0.943166 0.228116
vt 0.961219 0.194974
vt 0.931895 0.194070
vt 0.920996 0.193739
vt 0.926930 0.167024
vt 0.929451 0.124836
vt 0.909110 0.193374
vt 0.915069 0.166664
vt 0.917638 0.124453
vt 0.894585 0.192899
vt 0.895457 0.166040
vt 0.896829 0.123777
vt 0.378272 0.782861
vt 0.351642 0.779203
vt 0.350717 0.450204
vt 0.378388 0.444978
vt 0.326947 0.776393
vt 0.324800 0.454192
vt 0.312298 0.777329
vt 0.310018 0.454625
vt 0.293753 0.778074
vt 0.291785 0.454830
vt 0.273001 0.778791
vt 0.271540 0.454501
vt 0.250403 0.779682
vt 0.249444 0.453722
vt 0.226138 0.780862
vt 0.225542 0.452667
vt 0.225145 0.791632
vt 0.310569 0.789234
vt 0.291941 0.789974
vt 0.271283 0.790698
vt 0.375683 0.796070
vt 0.349722 0.791571
vt 0.248956 0.791612
vt 0.325000 0.787725
vt 0.372851 0.807339
vt 0.347820 0.802712
vt 0.322808 0.798484
vt 0.308125 0.800204
vt 0.289519 0.800811
vt 0.269058 0.801397
vt 0.247193 0.802296
vt 0.224120 0.802235
vt 0.270768 0.432830
vt 0.290331 0.433501
vt 0.345294 0.427051
vt 0.371522 0.418788
vt 0.249116 0.431601
vt 0.321435 0.432975
vt 0.225481 0.430351
vt 0.307656 0.433423
vt 0.248561 0.411959
vt 0.269745 0.413741
vt 0.225128 0.410885
vt 0.338852 0.407869
vt 0.362498 0.397312
vt 0.317422 0.415517
vt 0.304963 0.415331
vt 0.288584 0.414988
vt 0.330467 0.389490
vt 0.350564 0.377925
vt 0.310947 0.398153
vt 0.298165 0.398745
vt 0.283399 0.397618
vt 0.264555 0.397893
vt 0.244799 0.396400
vt 0.223198 0.395343
vt 0.313838 0.360852
vt 0.298288 0.336132
vt 0.309804 0.327778
vt 0.328967 0.350288
vt 0.297868 0.369152
vt 0.284997 0.371859
vt 0.269793 0.374010
vt 0.253870 0.374581
vt 0.237207 0.373836
vt 0.219272 0.373374
vt 0.554314 0.307512
vt 0.539735 0.308139
vt 0.539194 0.296806
vt 0.553712 0.295879
vt 0.285656 0.342795
vt 0.272201 0.347949
vt 0.258079 0.351640
vt 0.243558 0.353973
vt 0.229781 0.354195
vt 0.215234 0.354499
vt 0.540256 0.341995
vt 0.461307 0.342889
vt 0.461092 0.332610
vt 0.540200 0.330792
vt 0.554694 0.319190
vt 0.540053 0.319484
vt 0.554194 0.330058
vt 0.554028 0.341525
vt 0.551772 0.272673
vt 0.537488 0.274318
vt 0.536285 0.263302
vt 0.550257 0.261116
vt 0.552883 0.284270
vt 0.538448 0.285516
vt 0.457499 0.280392
vt 0.456645 0.269525
vt 0.458474 0.291067
vt 0.459375 0.301572
vt 0.460124 0.311977
vt 0.460696 0.322318
vt 0.449615 0.281178
vt 0.448328 0.269724
vt 0.450868 0.291851
vt 0.451901 0.302241
vt 0.452719 0.312510
vt 0.453330 0.322715
vt 0.453752 0.332880
vt 0.454012 0.343030
vt 0.437782 0.282837
vt 0.435377 0.271903
vt 0.439456 0.293136
vt 0.440670 0.303211
vt 0.441582 0.313221
vt 0.442229 0.323195
vt 0.442665 0.333143
vt 0.442926 0.343111
vt 0.433256 0.303973
vt 0.432015 0.294198
vt 0.434201 0.313768
vt 0.434832 0.323576
vt 0.435252 0.333355
vt 0.435467 0.343177
vt 0.430241 0.284395
vt 0.427441 0.274438
vt 0.139975 0.805892
vt 0.139975 0.840775
vt 0.181693 0.811454
vt 0.181693 0.845003
vt 0.161685 0.841784
vt 0.161685 0.808235
vt 0.213623 0.825553
vt 0.214670 0.851999
vt 0.198183 0.851866
vt 0.199230 0.817510
vt 0.214670 0.876941
vt 0.198183 0.876941
vt 0.181693 0.876941
vt 0.161685 0.876941
vt 0.224318 0.832653
vt 0.230903 0.854363
vt 0.233127 0.876941
vt 0.139975 0.876941
vt 0.430442 0.335121
vt 0.429783 0.324444
vt 0.428979 0.313745
vt 0.428216 0.303028
vt 0.427211 0.292480
vt 0.425665 0.282116
vt 0.431040 0.345803
vt 0.424266 0.275676
vt 0.585184 0.154811
vt 0.429447 0.153736
vt 0.429679 0.139295
vt 0.585242 0.142122
vt 0.585390 0.129528
vt 0.430237 0.125150
vt 0.431132 0.111408
vt 0.585632 0.117047
vt 0.585977 0.104620
vt 0.432700 0.098041
vt 0.435117 0.084774
vt 0.586420 0.092263
vt 0.586952 0.079952
vt 0.437879 0.072240
vt 0.439838 0.064659
vt 0.587337 0.072212
vt 0.359290 0.055361
vt 0.363612 0.035738
vt 0.367738 0.027091
vt 0.372004 0.019872
vt 0.366669 0.133654
vt 0.365578 0.112794
vt 0.360676 0.086788
vt 0.360334 0.070488
vt 0.321401 0.122275
vt 0.320810 0.103317
vt 0.319936 0.082730
vt 0.320233 0.060336
vt 0.321042 0.044757
vt 0.322435 0.023675
vt 0.324990 0.015045
vt 0.325983 0.006787
vt 0.014604 0.018380
vt 0.015754 0.009623
vt 0.014957 0.119894
vt 0.014575 0.100445
vt 0.015190 0.078690
vt 0.015559 0.055145
vt 0.016084 0.039429
vt 0.015879 0.001512
vt 0.002330 0.121523
vt 0.002968 0.094616
vt 0.003761 0.076393
vt 0.004158 0.056629
vt 0.004429 0.043174
vt 0.002787 0.025245
vt 0.004288 0.017310
vt 0.003831 0.002480
vt 0.940591 0.082913
vt 0.969993 0.083790
vt 0.940318 0.013134
vt 0.939570 0.034891
vt 0.922596 0.028796
vt 0.923316 0.007055
vt 0.915215 0.027455
vt 0.916000 0.003558
vt 0.900025 0.025344
vt 0.900799 0.001516
vt 0.949838 0.022663
vt 0.961107 0.039170
vt 0.936382 0.055907
vt 0.965702 0.056907
vt 0.929672 0.082574
vt 0.925484 0.055530
vt 0.917813 0.082163
vt 0.913600 0.055124
vt 0.898202 0.081514
vt 0.899074 0.054655
vt 0.836521 0.643042
vt 0.832862 0.669672
vt 0.503868 0.670594
vt 0.498642 0.642923
vt 0.830052 0.694367
vt 0.507855 0.696510
vt 0.830988 0.709015
vt 0.508289 0.711291
vt 0.831732 0.727561
vt 0.508493 0.729524
vt 0.832450 0.748313
vt 0.508164 0.749769
vt 0.833340 0.770910
vt 0.507384 0.771865
vt 0.834520 0.795174
vt 0.506328 0.795766
vt 0.835110 0.820707
vt 0.505824 0.820703
vt 0.845290 0.796167
vt 0.845989 0.820707
vt 0.842893 0.710745
vt 0.843633 0.729372
vt 0.844356 0.750031
vt 0.849730 0.645632
vt 0.845230 0.671592
vt 0.845269 0.772357
vt 0.841384 0.696314
vt 0.860998 0.648464
vt 0.856371 0.673494
vt 0.852143 0.698506
vt 0.853863 0.713189
vt 0.854470 0.731795
vt 0.855055 0.752256
vt 0.855953 0.774120
vt 0.855892 0.797192
vt 0.856138 0.820707
vt 0.486493 0.750540
vt 0.487165 0.730978
vt 0.480716 0.676016
vt 0.472453 0.649789
vt 0.485264 0.772192
vt 0.486639 0.699874
vt 0.484013 0.795826
vt 0.487087 0.713654
vt 0.483386 0.820702
vt 0.465623 0.772745
vt 0.467405 0.751562
vt 0.464548 0.796178
vt 0.463785 0.820701
vt 0.461535 0.682458
vt 0.450977 0.658813
vt 0.469182 0.703888
vt 0.468995 0.716346
vt 0.468652 0.732725
vt 0.443156 0.690843
vt 0.431591 0.670746
vt 0.451818 0.710362
vt 0.452411 0.723143
vt 0.451283 0.737909
vt 0.451557 0.756752
vt 0.450064 0.776507
vt 0.449006 0.798107
vt 0.448851 0.820700
vt 0.414519 0.707472
vt 0.389800 0.723020
vt 0.381446 0.711506
vt 0.403956 0.692343
vt 0.422818 0.723440
vt 0.425526 0.736311
vt 0.427676 0.751514
vt 0.428247 0.767436
vt 0.427501 0.784097
vt 0.427039 0.802031
vt 0.427430 0.820699
vt 0.381740 0.571671
vt 0.396319 0.571044
vt 0.396860 0.582377
vt 0.382342 0.583304
vt 0.396463 0.735652
vt 0.401617 0.749105
vt 0.405308 0.763226
vt 0.407641 0.777746
vt 0.407862 0.791522
vt 0.408166 0.806067
vt 0.408485 0.820697
vt 0.395797 0.537188
vt 0.474747 0.536294
vt 0.474962 0.546573
vt 0.395854 0.548392
vt 0.381360 0.559993
vt 0.396000 0.559699
vt 0.381859 0.549125
vt 0.382026 0.537658
vt 0.382034 0.526049
vt 0.395751 0.526049
vt 0.384282 0.606510
vt 0.398565 0.604865
vt 0.399769 0.615881
vt 0.385797 0.618068
vt 0.383171 0.594913
vt 0.397606 0.593667
vt 0.474758 0.526049
vt 0.478555 0.598791
vt 0.479409 0.609658
vt 0.477580 0.588116
vt 0.476679 0.577611
vt 0.475930 0.567206
vt 0.475358 0.556865
vt 0.486439 0.598005
vt 0.487726 0.609459
vt 0.485186 0.587332
vt 0.484153 0.576942
vt 0.483335 0.566673
vt 0.482724 0.556468
vt 0.482301 0.546303
vt 0.482041 0.536153
vt 0.481878 0.526049
vt 0.498272 0.596346
vt 0.500677 0.607280
vt 0.496598 0.586047
vt 0.495383 0.575972
vt 0.494472 0.565963
vt 0.493825 0.555988
vt 0.493389 0.546041
vt 0.493128 0.536072
vt 0.492981 0.526049
vt 0.502798 0.575210
vt 0.504038 0.584985
vt 0.501852 0.565416
vt 0.501222 0.555607
vt 0.500802 0.545828
vt 0.500587 0.536006
vt 0.500570 0.526049
vt 0.505813 0.594788
vt 0.508613 0.604745
vt 0.094817 0.951239
vt 0.094817 0.916356
vt 0.117394 0.918580
vt 0.117394 0.951333
vt 0.053098 0.945676
vt 0.053098 0.912128
vt 0.073106 0.915347
vt 0.073106 0.948895
vt 0.021168 0.931578
vt 0.020121 0.905131
vt 0.036608 0.905264
vt 0.035561 0.939620
vt 0.020121 0.880190
vt 0.036608 0.880190
vt 0.053098 0.880190
vt 0.073106 0.880190
vt 0.010474 0.924478
vt 0.003888 0.902767
vt 0.001664 0.880190
vt 0.094817 0.880190
vt 0.117394 0.880190
vt 0.505611 0.544063
vt 0.506271 0.554739
vt 0.507075 0.565438
vt 0.507838 0.576156
vt 0.508842 0.586703
vt 0.510388 0.597067
vt 0.505014 0.533380
vt 0.511788 0.603508
vt 0.504455 0.526049
vt 0.715182 0.058029
vt 0.714104 0.213765
vt 0.699663 0.213532
vt 0.702493 0.057971
vt 0.689900 0.057823
vt 0.685518 0.212974
vt 0.671776 0.212078
vt 0.677418 0.057581
vt 0.664992 0.057235
vt 0.658409 0.210509
vt 0.645142 0.208092
vt 0.652636 0.056793
vt 0.640324 0.056260
vt 0.632609 0.205329
vt 0.625028 0.203370
vt 0.632585 0.055875
vt 0.723875 0.058042
vt 0.723872 0.214156
vt 0.615725 0.283915
vt 0.596103 0.279591
vt 0.587457 0.275465
vt 0.580238 0.271198
vt 0.723870 0.275406
vt 0.694018 0.276541
vt 0.673157 0.277631
vt 0.647152 0.282530
vt 0.630852 0.282872
vt 0.723868 0.320261
vt 0.682635 0.321808
vt 0.663677 0.322397
vt 0.643090 0.323270
vt 0.620696 0.322971
vt 0.605118 0.322161
vt 0.584037 0.320766
vt 0.575407 0.318210
vt 0.567149 0.317217
vt 0.578713 0.628593
vt 0.569956 0.627442
vt 0.680226 0.628251
vt 0.660776 0.628631
vt 0.639022 0.628013
vt 0.615478 0.627642
vt 0.599761 0.627115
vt 0.561845 0.627316
vt 0.723853 0.628944
vt 0.681853 0.640878
vt 0.654946 0.640238
vt 0.636724 0.639442
vt 0.616960 0.639043
vt 0.603505 0.638770
vt 0.585576 0.640410
vt 0.577642 0.638909
vt 0.562812 0.639364
vt 0.723853 0.641704
vt 0.823665 0.121401
vt 0.853015 0.122354
vt 0.853067 0.164641
vt 0.823665 0.163764
vt 0.853341 0.234420
vt 0.854088 0.212663
vt 0.871063 0.218758
vt 0.870342 0.240499
vt 0.878443 0.220099
vt 0.877658 0.243996
vt 0.843820 0.224891
vt 0.832552 0.208384
vt 0.857276 0.191647
vt 0.827956 0.190647
vt 0.863986 0.164980
vt 0.868175 0.192024
vt 0.864207 0.122718
vt 0.875846 0.165391
vt 0.880059 0.192430
vt 0.876020 0.123101
vt 0.836520 0.998375
vt 0.498633 0.998491
vt 0.503860 0.970819
vt 0.832862 0.971745
vt 0.507848 0.944901
vt 0.830052 0.947049
vt 0.508282 0.930119
vt 0.830989 0.932401
vt 0.508487 0.911885
vt 0.831733 0.913856
vt 0.508159 0.891640
vt 0.832450 0.893103
vt 0.507380 0.869543
vt 0.833341 0.870506
vt 0.506327 0.845641
vt 0.834520 0.846241
vt 0.845290 0.845247
vt 0.843633 0.912044
vt 0.842893 0.930672
vt 0.844357 0.891385
vt 0.845230 0.969825
vt 0.849730 0.995786
vt 0.845271 0.869058
vt 0.841384 0.945103
vt 0.856371 0.967923
vt 0.860998 0.992954
vt 0.852143 0.942911
vt 0.853863 0.928227
vt 0.854470 0.909621
vt 0.855056 0.889160
vt 0.855955 0.867295
vt 0.855893 0.844222
vt 0.487158 0.910430
vt 0.486487 0.890867
vt 0.472443 0.991626
vt 0.480706 0.965397
vt 0.485259 0.869214
vt 0.486631 0.941536
vt 0.484010 0.845579
vt 0.487079 0.927756
vt 0.467398 0.889843
vt 0.465617 0.868659
vt 0.464545 0.845226
vt 0.450965 0.982602
vt 0.461523 0.958954
vt 0.469172 0.937522
vt 0.468986 0.925063
vt 0.468644 0.908682
vt 0.431576 0.970667
vt 0.443142 0.950567
vt 0.451807 0.931047
vt 0.452400 0.918264
vt 0.451273 0.903497
vt 0.451549 0.884652
vt 0.450058 0.864895
vt 0.449003 0.843294
vt 0.414502 0.933935
vt 0.403936 0.949067
vt 0.381422 0.929898
vt 0.389779 0.918382
vt 0.422804 0.917965
vt 0.425513 0.905093
vt 0.427665 0.889888
vt 0.428239 0.873964
vt 0.427495 0.857301
vt 0.427036 0.839367
vt 0.381740 0.480426
vt 0.382342 0.468794
vt 0.396860 0.469721
vt 0.396319 0.481053
vt 0.396445 0.905748
vt 0.401602 0.892293
vt 0.405296 0.878170
vt 0.407632 0.863649
vt 0.407856 0.849873
vt 0.408163 0.835327
vt 0.395797 0.514909
vt 0.395854 0.503706
vt 0.474962 0.505524
vt 0.474747 0.515803
vt 0.381360 0.492105
vt 0.396000 0.492398
vt 0.381859 0.502972
vt 0.382026 0.514440
vt 0.384282 0.445587
vt 0.385796 0.434030
vt 0.399769 0.436216
vt 0.398565 0.447233
vt 0.383171 0.457184
vt 0.397605 0.458431
vt 0.479409 0.442440
vt 0.478555 0.453306
vt 0.477580 0.463982
vt 0.476679 0.474487
vt 0.475930 0.484891
vt 0.475358 0.495233
vt 0.487726 0.442639
vt 0.486439 0.454093
vt 0.485186 0.464766
vt 0.484153 0.475155
vt 0.483335 0.485425
vt 0.482724 0.495630
vt 0.482301 0.505794
vt 0.482041 0.515944
vt 0.500677 0.444818
vt 0.498272 0.455752
vt 0.496598 0.466050
vt 0.495383 0.476126
vt 0.494472 0.486135
vt 0.493825 0.496110
vt 0.493389 0.506057
vt 0.493128 0.516025
vt 0.504038 0.467113
vt 0.502798 0.476887
vt 0.501852 0.486682
vt 0.501222 0.496491
vt 0.500802 0.506269
vt 0.500587 0.516091
vt 0.508613 0.447353
vt 0.505813 0.457309
vt 0.139972 0.951239
vt 0.139972 0.916356
vt 0.181691 0.945676
vt 0.161682 0.948895
vt 0.161682 0.915347
vt 0.181691 0.912128
vt 0.213621 0.931578
vt 0.199228 0.939620
vt 0.198181 0.905264
vt 0.214668 0.905131
vt 0.198181 0.880190
vt 0.214668 0.880190
vt 0.161682 0.880190
vt 0.181691 0.880190
vt 0.224315 0.924478
vt 0.230901 0.902767
vt 0.233125 0.880190
vt 0.139972 0.880190
vt 0.506271 0.497359
vt 0.505611 0.508035
vt 0.507838 0.475942
vt 0.507075 0.486660
vt 0.510388 0.455030
vt 0.508842 0.465395
vt 0.505014 0.518718
vt 0.511788 0.448590
vt 0.732567 0.058029
vt 0.745256 0.057971
vt 0.748081 0.213534
vt 0.733640 0.213765
vt 0.757849 0.057823
vt 0.770331 0.057582
vt 0.775969 0.212081
vt 0.762226 0.212976
vt 0.782757 0.057236
vt 0.795113 0.056793
vt 0.802603 0.208096
vt 0.789336 0.210512
vt 0.807425 0.056260
vt 0.815164 0.055875
vt 0.822718 0.203375
vt 0.815137 0.205334
vt 0.851638 0.279601
vt 0.832015 0.283923
vt 0.867504 0.271210
vt 0.860285 0.275475
vt 0.753722 0.276543
vt 0.800588 0.282536
vt 0.774583 0.277635
vt 0.816888 0.282879
vt 0.765101 0.321812
vt 0.804647 0.323276
vt 0.784060 0.322402
vt 0.842619 0.322171
vt 0.827040 0.322979
vt 0.872330 0.318222
vt 0.863701 0.320777
vt 0.880588 0.317230
vt 0.877752 0.627459
vt 0.868995 0.628609
vt 0.786931 0.628638
vt 0.767481 0.628256
vt 0.832230 0.627654
vt 0.808685 0.628023
vt 0.847946 0.627129
vt 0.885864 0.627334
vt 0.792759 0.640245
vt 0.765852 0.640883
vt 0.830746 0.639055
vt 0.810982 0.639452
vt 0.862131 0.640427
vt 0.844201 0.638784
vt 0.884897 0.639383
vt 0.870065 0.638926
vt 0.826413 0.079127
vt 0.855810 0.080160
vt 0.860610 0.010546
vt 0.877971 0.005583
vt 0.877279 0.027324
vt 0.859945 0.032305
vt 0.885498 0.002567
vt 0.884731 0.026465
vt 0.838176 0.035178
vt 0.850492 0.019437
vt 0.832440 0.052579
vt 0.861763 0.053484
vt 0.872663 0.053815
vt 0.866729 0.080530
vt 0.884548 0.054180
vt 0.878589 0.080890
s 1
usemtl M_vodka
f 333/1/1 334/2/2 2/3/3 1/4/4
f 1/4/4 2/3/3 4/5/5 3/6/6
f 3/6/6 4/5/5 6/7/7 5/8/8
f 5/8/8 6/7/7 8/9/9 7/10/10
f 7/10/10 8/9/9 10/11/11 9/12/12
f 9/12/12 10/11/11 12/13/13 11/14/14
f 11/14/14 12/13/13 14/15/15 13/16/16
f 13/16/16 14/15/15 170/17/17 169/18/18
f 13/16/16 169/18/18 178/19/19 21/20/20
f 5/8/8 7/10/10 18/21/21 17/22/22
f 7/10/10 9/12/12 19/23/23 18/21/21
f 333/1/1 1/4/4 15/24/24 349/25/25
f 9/12/12 11/14/14 20/26/26 19/23/23
f 1/4/4 3/6/6 16/27/27 15/24/24
f 11/14/14 13/16/16 21/20/20 20/26/26
f 3/6/6 5/8/8 17/22/22 16/27/27
f 349/25/25 15/24/24 22/28/28 357/29/29
f 15/24/24 16/27/27 23/30/30 22/28/28
f 16/27/27 17/22/22 24/31/31 23/30/30
f 17/22/22 18/21/21 25/32/32 24/31/31
f 18/21/21 19/23/23 26/33/33 25/32/32
f 19/23/23 20/26/26 27/34/34 26/33/33
f 20/26/26 21/20/20 28/35/35 27/34/34
f 21/20/20 178/19/19 186/36/36 28/35/35
f 10/11/11 8/9/9 32/37/37 33/38/38
f 2/3/3 334/2/2 365/39/39 29/40/40
f 12/13/13 10/11/11 33/38/38 34/41/41
f 4/5/5 2/3/3 29/40/40 30/42/42
f 14/15/15 12/13/13 34/41/41 35/43/43
f 6/7/7 4/5/5 30/42/42 31/44/44
f 170/17/17 14/15/15 35/43/43 194/45/45
f 8/9/9 6/7/7 31/44/44 32/37/37
f 34/41/41 33/38/38 40/46/46 41/47/47
f 35/43/43 34/41/41 41/47/47 42/48/48
f 194/45/45 35/43/43 42/48/48 202/49/49
f 29/40/40 365/39/39 373/50/50 36/51/51
f 30/42/42 29/40/40 36/51/51 37/52/52
f 31/44/44 30/42/42 37/52/52 38/53/53
f 32/37/37 31/44/44 38/53/53 39/54/54
f 33/38/38 32/37/37 39/54/54 40/46/46
f 36/51/51 373/50/50 381/55/55 43/56/56
f 37/52/52 36/51/51 43/56/56 44/57/57
f 38/53/53 37/52/52 44/57/57 45/58/58
f 39/54/54 38/53/53 45/58/58 46/59/59
f 40/46/46 39/54/54 46/59/59 47/60/60
f 41/47/47 40/46/46 47/60/60 48/61/61
f 42/48/48 41/47/47 48/61/61 49/62/62
f 202/49/49 42/48/48 49/62/62 210/63/63
f 50/64/64 389/65/65 397/66/66 57/67/67
f 43/56/56 381/55/55 389/65/65 50/64/64
f 44/57/57 43/56/56 50/64/64 51/68/68
f 45/58/58 44/57/57 51/68/68 52/69/69
f 46/59/59 45/58/58 52/69/69 53/70/70
f 47/60/60 46/59/59 53/70/70 54/71/71
f 48/61/61 47/60/60 54/71/71 55/72/72
f 49/62/62 48/61/61 55/72/72 56/73/73
f 210/63/63 49/62/62 56/73/73 218/74/74
f 60/75/75 59/76/76 66/77/77 67/78/78
f 51/68/68 50/64/64 57/67/67 58/79/79
f 52/69/69 51/68/68 58/79/79 59/80/76
f 53/70/70 52/69/69 59/80/76 60/81/75
f 54/71/71 53/70/70 60/81/75 61/82/80
f 55/72/72 54/71/71 61/82/80 62/83/81
f 56/73/73 55/72/72 62/83/81 63/84/82
f 218/74/74 56/73/73 63/84/82 226/85/83
f 70/86/84 69/87/85 76/88/86 77/89/87
f 61/90/80 60/75/75 67/78/78 68/91/88
f 62/92/81 61/90/80 68/91/88 69/87/85
f 63/93/82 62/92/81 69/87/85 70/86/84
f 226/94/83 63/93/82 70/86/84 234/95/89
f 57/96/67 397/97/66 405/98/90 64/99/91
f 58/100/79 57/96/67 64/99/91 65/101/92
f 59/76/76 58/100/79 65/101/92 66/77/77
f 234/95/89 70/86/84 77/89/87 242/102/93
f 64/99/91 405/98/90 413/103/94 71/104/95
f 65/101/92 64/99/91 71/104/95 72/105/96
f 66/77/77 65/101/92 72/105/96 73/106/97
f 67/78/78 66/77/77 73/106/97 74/107/98
f 68/91/88 67/78/78 74/107/98 75/108/99
f 69/87/85 68/91/88 75/108/99 76/88/86
f 71/104/100 413/103/101 421/109/102 78/110/103
f 72/105/104 71/104/100 78/110/103 79/111/105
f 73/106/106 72/105/104 79/111/105 80/112/107
f 74/107/108 73/106/106 80/112/107 81/113/109
f 75/108/110 74/107/108 81/113/109 82/114/111
f 76/88/112 75/108/110 82/114/111 83/115/113
f 77/89/114 76/88/112 83/115/113 84/116/115
f 242/102/116 77/89/114 84/116/115 250/117/117
f 78/110/103 421/109/102 429/118/118 85/119/119
f 79/111/105 78/110/103 85/119/119 86/120/120
f 80/112/107 79/111/105 86/120/120 87/121/121
f 81/113/109 80/112/107 87/121/121 88/122/122
f 82/114/111 81/113/109 88/122/122 89/123/123
f 83/115/113 82/114/111 89/123/123 90/124/124
f 84/116/115 83/115/113 90/124/124 91/125/125
f 250/117/117 84/116/115 91/125/125 258/126/126
f 87/121/121 86/120/120 93/127/127 94/128/128
f 88/122/122 87/121/121 94/128/128 95/129/129
f 89/123/123 88/122/122 95/129/129 96/130/130
f 90/124/124 89/123/123 96/130/130 97/131/131
f 91/125/125 90/124/124 97/131/131 98/132/132
f 258/126/126 91/125/125 98/132/132 266/133/133
f 85/119/119 429/118/118 437/134/134 92/135/135
f 86/120/120 85/119/119 92/135/135 93/127/127
f 28/136/35 186/137/36 268/138/136 99/139/136
f 26/140/33 27/141/34 101/142/136 100/143/136
f 24/144/31 25/145/32 103/146/136 102/147/136
f 102/147/136 103/146/136 451/148/136 450/149/136
f 100/143/136 101/142/136 453/150/136 452/151/136
f 25/145/32 26/140/33 100/143/136 103/146/136
f 451/148/136 103/146/136 100/143/136 452/151/136
f 23/152/30 24/144/31 102/147/136 22/153/28
f 357/154/29 22/153/28 102/147/136 450/149/136
f 27/141/34 28/136/35 99/139/136 101/142/136
f 99/139/136 268/138/136 652/155/136 454/156/136
f 101/142/136 99/139/136 454/156/136 453/150/136
f 97/131/131 96/130/130 108/157/137 109/158/138
f 95/129/129 94/128/128 106/159/139 107/160/140
f 93/127/127 92/135/135 104/161/141 105/162/142
f 98/132/132 97/131/131 109/158/138 110/163/143
f 96/130/130 95/129/129 107/160/140 108/157/137
f 94/128/128 93/127/127 105/162/142 106/159/139
f 92/135/135 437/134/134 455/164/144 104/161/141
f 266/133/133 98/132/132 110/163/143 280/165/145
f 110/166/143 109/167/138 116/168/146 117/169/147
f 108/170/137 107/171/140 114/172/148 115/173/149
f 106/174/139 105/175/142 112/176/150 113/177/151
f 104/178/141 455/179/144 463/180/152 111/181/153
f 280/182/145 110/166/143 117/169/147 288/183/154
f 109/167/138 108/170/137 115/173/149 116/168/146
f 107/171/140 106/174/139 113/177/151 114/172/148
f 105/175/142 104/178/141 111/181/153 112/176/150
f 113/177/151 112/176/150 119/184/155 120/185/156
f 111/181/153 463/180/152 471/186/157 118/187/158
f 288/183/154 117/169/147 124/188/159 296/189/160
f 116/168/146 115/173/149 122/190/161 123/191/162
f 114/172/148 113/177/151 120/185/156 121/192/163
f 112/176/150 111/181/153 118/187/158 119/184/155
f 117/169/147 116/168/146 123/191/162 124/188/159
f 115/173/149 114/172/148 121/192/163 122/190/161
f 296/189/160 124/188/159 131/193/164 304/194/165
f 123/191/162 122/190/161 129/195/166 130/196/167
f 121/192/163 120/185/156 127/197/168 128/198/169
f 119/184/155 118/187/158 125/199/170 126/200/171
f 124/188/159 123/191/162 130/196/167 131/193/164
f 122/190/161 121/192/163 128/198/169 129/195/166
f 120/185/156 119/184/155 126/200/171 127/197/168
f 118/187/158 471/186/157 479/201/172 125/199/170
f 126/200/171 125/199/170 132/202/173 133/203/174
f 131/193/164 130/196/167 137/204/175 138/205/176
f 129/195/166 128/198/169 135/206/177 136/207/178
f 127/197/168 126/200/171 133/203/174 134/208/179
f 125/199/170 479/201/172 487/209/180 132/202/173
f 304/194/165 131/193/164 138/205/176 312/210/181
f 130/196/167 129/195/166 136/207/178 137/204/175
f 128/198/169 127/197/168 134/208/179 135/206/177
f 138/205/176 137/204/175 144/211/182 145/212/183
f 136/207/178 135/206/177 142/213/184 143/214/185
f 134/208/179 133/203/174 140/215/186 141/216/187
f 132/202/173 487/209/180 495/217/188 139/218/189
f 312/210/181 138/205/176 145/212/183 320/219/190
f 137/204/175 136/207/178 143/214/185 144/211/182
f 135/206/177 134/208/179 141/216/187 142/213/184
f 133/203/174 132/202/173 139/218/189 140/215/186
f 320/220/191 145/221/192 149/222/193 322/223/194
f 141/224/195 140/225/196 147/226/197 148/227/198
f 140/225/196 139/228/199 146/229/200 147/226/197
f 139/228/199 495/230/201 503/231/202 146/229/200
f 141/224/195 148/227/198 143/232/201 142/233/201
f 145/221/192 144/234/203 150/235/204 149/222/193
f 143/232/201 148/227/198 150/235/204 144/234/203
f 149/222/193 150/235/204 152/236/205 151/237/206
f 322/223/194 149/222/193 151/237/206 321/238/207
f 151/237/206 152/236/205 154/239/208 153/240/209
f 321/238/207 151/237/206 153/240/209 330/241/201
f 153/240/209 154/239/208 514/242/210 513/243/209
f 330/241/201 153/240/209 513/243/209 720/244/201
f 152/236/205 150/235/204 148/227/198 147/226/197
f 154/239/208 152/236/205 147/226/197 146/229/200
f 514/242/210 154/239/208 146/229/200 503/231/202
f 515/245/211 155/246/212 156/247/213 516/248/214
f 155/246/212 157/249/215 158/250/216 156/247/213
f 157/249/215 159/251/217 160/252/218 158/250/216
f 159/251/217 161/253/219 162/254/220 160/252/218
f 161/253/219 163/255/221 164/256/222 162/254/220
f 163/255/221 165/257/223 166/258/224 164/256/222
f 165/257/223 167/259/225 168/260/226 166/258/224
f 167/259/225 169/18/18 170/17/17 168/260/226
f 167/259/225 177/261/227 178/19/19 169/18/18
f 159/251/217 173/262/228 174/263/229 161/253/219
f 161/253/219 174/263/229 175/264/230 163/255/221
f 515/245/211 533/265/231 171/266/232 155/246/212
f 163/255/221 175/264/230 176/267/233 165/257/223
f 155/246/212 171/266/232 172/268/234 157/249/215
f 165/257/223 176/267/233 177/261/227 167/259/225
f 157/249/215 172/268/234 173/262/228 159/251/217
f 533/265/231 542/269/235 179/270/236 171/266/232
f 171/266/232 179/270/236 180/271/237 172/268/234
f 172/268/234 180/271/237 181/272/238 173/262/228
f 173/262/228 181/272/238 182/273/239 174/263/229
f 174/263/229 182/273/239 183/274/240 175/264/230
f 175/264/230 183/274/240 184/275/241 176/267/233
f 176/267/233 184/275/241 185/276/242 177/261/227
f 177/261/227 185/276/242 186/36/36 178/19/19
f 164/256/222 191/277/243 190/278/244 162/254/220
f 156/247/213 187/279/245 551/280/246 516/248/214
f 166/258/224 192/281/247 191/277/243 164/256/222
f 158/250/216 188/282/248 187/279/245 156/247/213
f 168/260/226 193/283/249 192/281/247 166/258/224
f 160/252/218 189/284/250 188/282/248 158/250/216
f 170/17/17 194/45/45 193/283/249 168/260/226
f 162/254/220 190/278/244 189/284/250 160/252/218
f 192/281/247 200/285/251 199/286/252 191/277/243
f 193/283/249 201/287/253 200/285/251 192/281/247
f 194/45/45 202/49/49 201/287/253 193/283/249
f 187/279/245 195/288/254 560/289/255 551/280/246
f 188/282/248 196/290/256 195/288/254 187/279/245
f 189/284/250 197/291/257 196/290/256 188/282/248
f 190/278/244 198/292/258 197/291/257 189/284/250
f 191/277/243 199/286/252 198/292/258 190/278/244
f 195/288/254 203/293/259 569/294/260 560/289/255
f 196/290/256 204/295/261 203/293/259 195/288/254
f 197/291/257 205/296/262 204/295/261 196/290/256
f 198/292/258 206/297/263 205/296/262 197/291/257
f 199/286/252 207/298/264 206/297/263 198/292/258
f 200/285/251 208/299/265 207/298/264 199/286/252
f 201/287/253 209/300/266 208/299/265 200/285/251
f 202/49/49 210/63/63 209/300/266 201/287/253
f 211/301/267 219/302/268 587/303/269 578/304/270
f 203/293/259 211/301/267 578/304/270 569/294/260
f 204/295/261 212/305/271 211/301/267 203/293/259
f 205/296/262 213/306/272 212/305/271 204/295/261
f 206/297/263 214/307/273 213/306/272 205/296/262
f 207/298/264 215/308/274 214/307/273 206/297/263
f 208/299/265 216/309/275 215/308/274 207/298/264
f 209/300/266 217/310/276 216/309/275 208/299/265
f 210/63/63 218/74/74 217/310/276 209/300/266
f 222/311/277 230/312/278 229/313/279 221/314/280
f 212/305/271 220/315/281 219/302/268 211/301/267
f 213/306/272 221/316/280 220/315/281 212/305/271
f 214/307/273 222/317/277 221/316/280 213/306/272
f 215/308/274 223/318/282 222/317/277 214/307/273
f 216/309/275 224/319/283 223/318/282 215/308/274
f 217/310/276 225/320/284 224/319/283 216/309/275
f 218/74/74 226/85/83 225/320/284 217/310/276
f 233/321/285 241/322/286 240/323/287 232/324/288
f 223/325/282 231/326/289 230/312/278 222/311/277
f 224/327/283 232/324/288 231/326/289 223/325/282
f 225/328/284 233/321/285 232/324/288 224/327/283
f 226/94/83 234/95/89 233/321/285 225/328/284
f 219/329/268 227/330/290 596/331/291 587/332/269
f 220/333/281 228/334/292 227/330/290 219/329/268
f 221/314/280 229/313/279 228/334/292 220/333/281
f 234/95/89 242/102/93 241/322/286 233/321/285
f 227/330/290 235/335/293 605/336/294 596/331/291
f 228/334/292 236/337/295 235/335/293 227/330/290
f 229/313/279 237/338/296 236/337/295 228/334/292
f 230/312/278 238/339/297 237/338/296 229/313/279
f 231/326/289 239/340/298 238/339/297 230/312/278
f 232/324/288 240/323/287 239/340/298 231/326/289
f 235/335/299 243/341/300 614/342/301 605/336/302
f 236/337/303 244/343/304 243/341/300 235/335/299
f 237/338/305 245/344/306 244/343/304 236/337/303
f 238/339/307 246/345/308 245/344/306 237/338/305
f 239/340/309 247/346/310 246/345/308 238/339/307
f 240/323/311 248/347/312 247/346/310 239/340/309
f 241/322/313 249/348/314 248/347/312 240/323/311
f 242/102/116 250/117/117 249/348/314 241/322/313
f 243/341/300 251/349/315 623/350/316 614/342/301
f 244/343/304 252/351/317 251/349/315 243/341/300
f 245/344/306 253/352/318 252/351/317 244/343/304
f 246/345/308 254/353/319 253/352/318 245/344/306
f 247/346/310 255/354/320 254/353/319 246/345/308
f 248/347/312 256/355/321 255/354/320 247/346/310
f 249/348/314 257/356/322 256/355/321 248/347/312
f 250/117/117 258/126/126 257/356/322 249/348/314
f 253/352/318 261/357/323 260/358/324 252/351/317
f 254/353/319 262/359/325 261/357/323 253/352/318
f 255/354/320 263/360/326 262/359/325 254/353/319
f 256/355/321 264/361/327 263/360/326 255/354/320
f 257/356/322 265/362/328 264/361/327 256/355/321
f 258/126/126 266/133/133 265/362/328 257/356/322
f 251/349/315 259/363/329 632/364/330 623/350/316
f 252/351/317 260/358/324 259/363/329 251/349/315
f 185/365/242 267/366/136 268/138/136 186/137/36
f 183/367/240 269/368/136 270/369/136 184/370/241
f 181/371/238 271/372/136 272/373/136 182/374/239
f 271/372/136 647/375/136 648/376/136 272/373/136
f 269/368/136 649/377/136 650/378/136 270/369/136
f 182/374/239 272/373/136 269/368/136 183/367/240
f 648/376/136 649/377/136 269/368/136 272/373/136
f 180/379/237 179/380/236 271/372/136 181/371/238
f 542/381/235 647/375/136 271/372/136 179/380/236
f 184/370/241 270/369/136 267/366/136 185/365/242
f 267/366/136 651/382/136 652/155/136 268/138/136
f 270/369/136 650/378/136 651/382/136 267/366/136
f 264/361/327 278/383/331 277/384/332 263/360/326
f 262/359/325 276/385/333 275/386/334 261/357/323
f 260/358/324 274/387/335 273/388/336 259/363/329
f 265/362/328 279/389/337 278/383/331 264/361/327
f 263/360/326 277/384/332 276/385/333 262/359/325
f 261/357/323 275/386/334 274/387/335 260/358/324
f 259/363/329 273/388/336 653/390/338 632/364/330
f 266/133/133 280/165/145 279/389/337 265/362/328
f 279/391/337 287/392/339 286/393/340 278/394/331
f 277/395/332 285/396/341 284/397/342 276/398/333
f 275/399/334 283/400/343 282/401/344 274/402/335
f 273/403/336 281/404/345 662/405/346 653/406/338
f 280/182/145 288/183/154 287/392/339 279/391/337
f 278/394/331 286/393/340 285/396/341 277/395/332
f 276/398/333 284/397/342 283/400/343 275/399/334
f 274/402/335 282/401/344 281/404/345 273/403/336
f 283/400/343 291/407/347 290/408/348 282/401/344
f 281/404/345 289/409/349 671/410/350 662/405/346
f 288/183/154 296/189/160 295/411/351 287/392/339
f 286/393/340 294/412/352 293/413/353 285/396/341
f 284/397/342 292/414/354 291/407/347 283/400/343
f 282/401/344 290/408/348 289/409/349 281/404/345
f 287/392/339 295/411/351 294/412/352 286/393/340
f 285/396/341 293/413/353 292/414/354 284/397/342
f 296/189/160 304/194/165 303/415/355 295/411/351
f 294/412/352 302/416/356 301/417/357 293/413/353
f 292/414/354 300/418/358 299/419/359 291/407/347
f 290/408/348 298/420/360 297/421/361 289/409/349
f 295/411/351 303/415/355 302/416/356 294/412/352
f 293/413/353 301/417/357 300/418/358 292/414/354
f 291/407/347 299/419/359 298/420/360 290/408/348
f 289/409/349 297/421/361 680/422/362 671/410/350
f 298/420/360 306/423/363 305/424/364 297/421/361
f 303/415/355 311/425/365 310/426/366 302/416/356
f 301/417/357 309/427/367 308/428/368 300/418/358
f 299/419/359 307/429/369 306/423/363 298/420/360
f 297/421/361 305/424/364 689/430/370 680/422/362
f 304/194/165 312/210/181 311/425/365 303/415/355
f 302/416/356 310/426/366 309/427/367 301/417/357
f 300/418/358 308/428/368 307/429/369 299/419/359
f 311/425/365 319/431/371 318/432/372 310/426/366
f 309/427/367 317/433/373 316/434/374 308/428/368
f 307/429/369 315/435/375 314/436/376 306/423/363
f 305/424/364 313/437/377 698/438/378 689/430/370
f 312/210/181 320/219/190 319/431/371 311/425/365
f 310/426/366 318/432/372 317/433/373 309/427/367
f 308/428/368 316/434/374 315/435/375 307/429/369
f 306/423/363 314/436/376 313/437/377 305/424/364
f 320/220/191 322/223/194 326/439/379 319/440/380
f 315/441/195 325/442/381 324/443/382 314/444/196
f 314/444/196 324/443/382 323/445/383 313/446/199
f 313/446/199 323/445/383 709/447/384 698/448/201
f 315/441/195 316/449/201 317/450/201 325/442/381
f 319/440/380 326/439/379 327/451/385 318/452/386
f 317/450/201 318/452/386 327/451/385 325/442/381
f 326/439/379 328/453/387 329/454/388 327/451/385
f 322/223/194 321/238/207 328/453/387 326/439/379
f 328/453/387 331/455/389 332/456/390 329/454/388
f 321/238/207 330/241/201 331/455/389 328/453/387
f 331/455/389 721/457/389 722/458/391 332/456/390
f 330/241/201 720/244/201 721/457/389 331/455/389
f 329/454/388 324/443/382 325/442/381 327/451/385
f 332/456/390 323/445/383 324/443/382 329/454/388
f 722/458/391 709/447/384 323/445/383 332/456/390
f 333/459/1 335/460/392 336/461/393 334/462/2
f 335/460/392 337/463/394 338/464/395 336/461/393
f 337/463/394 339/465/396 340/466/397 338/464/395
f 339/465/396 341/467/398 342/468/399 340/466/397
f 341/467/398 343/469/400 344/470/401 342/468/399
f 343/469/400 345/471/402 346/472/403 344/470/401
f 345/471/402 347/473/404 348/474/405 346/472/403
f 347/473/404 531/475/406 532/476/407 348/474/405
f 347/473/404 356/477/408 541/478/409 531/475/406
f 339/465/396 352/479/410 353/480/411 341/467/398
f 341/467/398 353/480/411 354/481/412 343/469/400
f 333/459/1 349/482/25 350/483/413 335/460/392
f 343/469/400 354/481/412 355/484/414 345/471/402
f 335/460/392 350/483/413 351/485/415 337/463/394
f 345/471/402 355/484/414 356/477/408 347/473/404
f 337/463/394 351/485/415 352/479/410 339/465/396
f 349/482/25 357/486/29 358/487/416 350/483/413
f 350/483/413 358/487/416 359/488/417 351/485/415
f 351/485/415 359/488/417 360/489/418 352/479/410
f 352/479/410 360/489/418 361/490/419 353/480/411
f 353/480/411 361/490/419 362/491/420 354/481/412
f 354/481/412 362/491/420 363/492/421 355/484/414
f 355/484/414 363/492/421 364/493/422 356/477/408
f 356/477/408 364/493/422 550/494/423 541/478/409
f 344/470/401 370/495/424 369/496/425 342/468/399
f 336/461/393 366/497/426 365/498/39 334/462/2
f 346/472/403 371/499/427 370/495/424 344/470/401
f 338/464/395 367/500/428 366/497/426 336/461/393
f 348/474/405 372/501/429 371/499/427 346/472/403
f 340/466/397 368/502/430 367/500/428 338/464/395
f 532/476/407 559/503/431 372/501/429 348/474/405
f 342/468/399 369/496/425 368/502/430 340/466/397
f 371/499/427 379/504/432 378/505/433 370/495/424
f 372/501/429 380/506/434 379/504/432 371/499/427
f 559/503/431 568/507/435 380/506/434 372/501/429
f 366/497/426 374/508/436 373/509/50 365/498/39
f 367/500/428 375/510/437 374/508/436 366/497/426
f 368/502/430 376/511/438 375/510/437 367/500/428
f 369/496/425 377/512/439 376/511/438 368/502/430
f 370/495/424 378/505/433 377/512/439 369/496/425
f 374/508/436 382/513/440 381/514/55 373/509/50
f 375/510/437 383/515/441 382/513/440 374/508/436
f 376/511/438 384/516/442 383/515/441 375/510/437
f 377/512/439 385/517/443 384/516/442 376/511/438
f 378/505/433 386/518/444 385/517/443 377/512/439
f 379/504/432 387/519/445 386/518/444 378/505/433
f 380/506/434 388/520/446 387/519/445 379/504/432
f 568/507/435 577/521/447 388/520/446 380/506/434
f 390/522/448 398/523/449 397/524/66 389/525/65
f 382/513/440 390/522/448 389/525/65 381/514/55
f 383/515/441 391/526/450 390/522/448 382/513/440
f 384/516/442 392/527/451 391/526/450 383/515/441
f 385/517/443 393/528/452 392/527/451 384/516/442
f 386/518/444 394/529/453 393/528/452 385/517/443
f 387/519/445 395/530/454 394/529/453 386/518/444
f 388/520/446 396/531/455 395/530/454 387/519/445
f 577/521/447 586/532/456 396/531/455 388/520/446
f 401/533/457 409/534/458 408/535/459 400/536/460
f 391/526/450 399/537/461 398/523/449 390/522/448
f 392/527/451 400/538/460 399/537/461 391/526/450
f 393/528/452 401/539/457 400/538/460 392/527/451
f 394/529/453 402/540/462 401/539/457 393/528/452
f 395/530/454 403/541/463 402/540/462 394/529/453
f 396/531/455 404/542/464 403/541/463 395/530/454
f 586/532/456 595/543/465 404/542/464 396/531/455
f 412/544/466 420/545/467 419/546/468 411/547/469
f 402/548/462 410/549/470 409/534/458 401/533/457
f 403/550/463 411/547/469 410/549/470 402/548/462
f 404/551/464 412/544/466 411/547/469 403/550/463
f 595/552/465 604/553/471 412/544/466 404/551/464
f 398/554/449 406/555/472 405/556/90 397/557/66
f 399/558/461 407/559/473 406/555/472 398/554/449
f 400/536/460 408/535/459 407/559/473 399/558/461
f 604/553/471 613/560/474 420/545/467 412/544/466
f 406/555/472 414/561/475 413/562/94 405/556/90
f 407/559/473 415/563/476 414/561/475 406/555/472
f 408/535/459 416/564/477 415/563/476 407/559/473
f 409/534/458 417/565/478 416/564/477 408/535/459
f 410/549/470 418/566/479 417/565/478 409/534/458
f 411/547/469 419/546/468 418/566/479 410/549/470
f 414/561/480 422/567/481 421/568/102 413/562/101
f 415/563/482 423/569/483 422/567/481 414/561/480
f 416/564/484 424/570/485 423/569/483 415/563/482
f 417/565/486 425/571/487 424/570/485 416/564/484
f 418/566/488 426/572/489 425/571/487 417/565/486
f 419/546/490 427/573/491 426/572/489 418/566/488
f 420/545/492 428/574/493 427/573/491 419/546/490
f 613/560/494 622/575/495 428/574/493 420/545/492
f 422/567/481 430/576/496 429/577/118 421/568/102
f 423/569/483 431/578/497 430/576/496 422/567/481
f 424/570/485 432/579/498 431/578/497 423/569/483
f 425/571/487 433/580/499 432/579/498 424/570/485
f 426/572/489 434/581/500 433/580/499 425/571/487
f 427/573/491 435/582/501 434/581/500 426/572/489
f 428/574/493 436/583/502 435/582/501 427/573/491
f 622/575/495 631/584/503 436/583/502 428/574/493
f 432/579/498 440/585/504 439/586/505 431/578/497
f 433/580/499 441/587/506 440/585/504 432/579/498
f 434/581/500 442/588/507 441/587/506 433/580/499
f 435/582/501 443/589/508 442/588/507 434/581/500
f 436/583/502 444/590/509 443/589/508 435/582/501
f 631/584/503 640/591/510 444/590/509 436/583/502
f 430/576/496 438/592/511 437/593/134 429/577/118
f 431/578/497 439/586/505 438/592/511 430/576/496
f 364/594/422 445/595/136 642/596/136 550/597/423
f 362/598/420 446/599/136 447/600/136 363/601/421
f 360/602/418 448/603/136 449/604/136 361/605/419
f 448/603/136 450/606/136 451/607/136 449/604/136
f 446/599/136 452/608/136 453/609/136 447/600/136
f 361/605/419 449/604/136 446/599/136 362/598/420
f 451/607/136 452/608/136 446/599/136 449/604/136
f 359/610/417 358/611/416 448/603/136 360/602/418
f 357/612/29 450/606/136 448/603/136 358/611/416
f 363/601/421 447/600/136 445/595/136 364/594/422
f 445/595/136 454/613/136 652/614/136 642/596/136
f 447/600/136 453/609/136 454/613/136 445/595/136
f 443/589/508 461/615/512 460/616/513 442/588/507
f 441/587/506 459/617/514 458/618/515 440/585/504
f 439/586/505 457/619/516 456/620/517 438/592/511
f 444/590/509 462/621/518 461/615/512 443/589/508
f 442/588/507 460/616/513 459/617/514 441/587/506
f 440/585/504 458/618/515 457/619/516 439/586/505
f 438/592/511 456/620/517 455/622/144 437/593/134
f 640/591/510 661/623/519 462/621/518 444/590/509
f 462/624/518 470/625/520 469/626/521 461/627/512
f 460/628/513 468/629/522 467/630/523 459/631/514
f 458/632/515 466/633/524 465/634/525 457/635/516
f 456/636/517 464/637/526 463/638/152 455/639/144
f 661/640/519 670/641/527 470/625/520 462/624/518
f 461/627/512 469/626/521 468/629/522 460/628/513
f 459/631/514 467/630/523 466/633/524 458/632/515
f 457/635/516 465/634/525 464/637/526 456/636/517
f 466/633/524 474/642/528 473/643/529 465/634/525
f 464/637/526 472/644/530 471/645/157 463/638/152
f 670/641/527 679/646/531 478/647/532 470/625/520
f 469/626/521 477/648/533 476/649/534 468/629/522
f 467/630/523 475/650/535 474/642/528 466/633/524
f 465/634/525 473/643/529 472/644/530 464/637/526
f 470/625/520 478/647/532 477/648/533 469/626/521
f 468/629/522 476/649/534 475/650/535 467/630/523
f 679/646/531 688/651/536 486/652/537 478/647/532
f 477/648/533 485/653/538 484/654/539 476/649/534
f 475/650/535 483/655/540 482/656/541 474/642/528
f 473/643/529 481/657/542 480/658/543 472/644/530
f 478/647/532 486/652/537 485/653/538 477/648/533
f 476/649/534 484/654/539 483/655/540 475/650/535
f 474/642/528 482/656/541 481/657/542 473/643/529
f 472/644/530 480/658/543 479/659/172 471/645/157
f 481/657/542 489/660/544 488/661/545 480/658/543
f 486/652/537 494/662/546 493/663/547 485/653/538
f 484/654/539 492/664/548 491/665/549 483/655/540
f 482/656/541 490/666/550 489/660/544 481/657/542
f 480/658/543 488/661/545 487/667/180 479/659/172
f 688/651/536 697/668/551 494/662/546 486/652/537
f 485/653/538 493/663/547 492/664/548 484/654/539
f 483/655/540 491/665/549 490/666/550 482/656/541
f 494/662/546 502/669/552 501/670/553 493/663/547
f 492/664/548 500/671/554 499/672/555 491/665/549
f 490/666/550 498/673/556 497/674/557 489/660/544
f 488/661/545 496/675/558 495/676/188 487/667/180
f 697/668/551 706/677/559 502/669/552 494/662/546
f 493/663/547 501/670/553 500/671/554 492/664/548
f 491/665/549 499/672/555 498/673/556 490/666/550
f 489/660/544 497/674/557 496/675/558 488/661/545
f 706/678/560 708/679/561 507/680/562 502/681/563
f 498/682/564 506/683/565 505/684/566 497/685/567
f 497/685/567 505/684/566 504/686/568 496/687/569
f 496/687/569 504/686/568 503/231/202 495/230/201
f 498/682/564 499/688/201 500/689/201 506/683/565
f 502/681/563 507/680/562 508/690/570 501/691/571
f 500/689/201 501/691/571 508/690/570 506/683/565
f 507/680/562 509/692/572 510/693/573 508/690/570
f 708/679/561 707/694/574 509/692/572 507/680/562
f 509/692/572 511/695/209 512/696/575 510/693/573
f 707/694/574 717/697/201 511/695/209 509/692/572
f 511/695/209 513/243/209 514/242/210 512/696/575
f 717/697/201 720/244/201 513/243/209 511/695/209
f 510/693/573 505/684/566 506/683/565 508/690/570
f 512/696/575 504/686/568 505/684/566 510/693/573
f 514/242/210 503/231/202 504/686/568 512/696/575
f 515/698/211 516/699/214 518/700/576 517/701/577
f 517/701/577 518/700/576 520/702/578 519/703/579
f 519/703/579 520/702/578 522/704/580 521/705/581
f 521/705/581 522/704/580 524/706/582 523/707/583
f 523/707/583 524/706/582 526/708/584 525/709/585
f 525/709/585 526/708/584 528/710/586 527/711/587
f 527/711/587 528/710/586 530/712/588 529/713/589
f 529/713/589 530/712/588 532/476/407 531/475/406
f 529/713/589 531/475/406 541/478/409 540/714/590
f 521/705/581 523/707/583 537/715/591 536/716/592
f 523/707/583 525/709/585 538/717/593 537/715/591
f 515/698/211 517/701/577 534/718/594 533/719/231
f 525/709/585 527/711/587 539/720/595 538/717/593
f 517/701/577 519/703/579 535/721/596 534/718/594
f 527/711/587 529/713/589 540/714/590 539/720/595
f 519/703/579 521/705/581 536/716/592 535/721/596
f 533/719/231 534/718/594 543/722/597 542/723/235
f 534/718/594 535/721/596 544/724/598 543/722/597
f 535/721/596 536/716/592 545/725/599 544/724/598
f 536/716/592 537/715/591 546/726/600 545/725/599
f 537/715/591 538/717/593 547/727/601 546/726/600
f 538/717/593 539/720/595 548/728/602 547/727/601
f 539/720/595 540/714/590 549/729/603 548/728/602
f 540/714/590 541/478/409 550/494/423 549/729/603
f 526/708/584 524/706/582 555/730/604 556/731/605
f 518/700/576 516/699/214 551/732/246 552/733/606
f 528/710/586 526/708/584 556/731/605 557/734/607
f 520/702/578 518/700/576 552/733/606 553/735/608
f 530/712/588 528/710/586 557/734/607 558/736/609
f 522/704/580 520/702/578 553/735/608 554/737/610
f 532/476/407 530/712/588 558/736/609 559/503/431
f 524/706/582 522/704/580 554/737/610 555/730/604
f 557/734/607 556/731/605 565/738/611 566/739/612
f 558/736/609 557/734/607 566/739/612 567/740/613
f 559/503/431 558/736/609 567/740/613 568/507/435
f 552/733/606 551/732/246 560/741/255 561/742/614
f 553/735/608 552/733/606 561/742/614 562/743/615
f 554/737/610 553/735/608 562/743/615 563/744/616
f 555/730/604 554/737/610 563/744/616 564/745/617
f 556/731/605 555/730/604 564/745/617 565/738/611
f 561/742/614 560/741/255 569/746/260 570/747/618
f 562/743/615 561/742/614 570/747/618 571/748/619
f 563/744/616 562/743/615 571/748/619 572/749/620
f 564/745/617 563/744/616 572/749/620 573/750/621
f 565/738/611 564/745/617 573/750/621 574/751/622
f 566/739/612 565/738/611 574/751/622 575/752/623
f 567/740/613 566/739/612 575/752/623 576/753/624
f 568/507/435 567/740/613 576/753/624 577/521/447
f 579/754/625 578/755/270 587/756/269 588/757/626
f 570/747/618 569/746/260 578/755/270 579/754/625
f 571/748/619 570/747/618 579/754/625 580/758/627
f 572/749/620 571/748/619 580/758/627 581/759/628
f 573/750/621 572/749/620 581/759/628 582/760/629
f 574/751/622 573/750/621 582/760/629 583/761/630
f 575/752/623 574/751/622 583/761/630 584/762/631
f 576/753/624 575/752/623 584/762/631 585/763/632
f 577/521/447 576/753/624 585/763/632 586/532/456
f 591/764/633 590/765/634 599/766/635 600/767/636
f 580/758/627 579/754/625 588/757/626 589/768/637
f 581/759/628 580/758/627 589/768/637 590/769/634
f 582/760/629 581/759/628 590/769/634 591/770/633
f 583/761/630 582/760/629 591/770/633 592/771/638
f 584/762/631 583/761/630 592/771/638 593/772/639
f 585/763/632 584/762/631 593/772/639 594/773/640
f 586/532/456 585/763/632 594/773/640 595/543/465
f 603/774/641 602/775/642 611/776/643 612/777/644
f 592/778/638 591/764/633 600/767/636 601/779/645
f 593/780/639 592/778/638 601/779/645 602/775/642
f 594/781/640 593/780/639 602/775/642 603/774/641
f 595/552/465 594/781/640 603/774/641 604/553/471
f 588/782/626 587/783/269 596/784/291 597/785/646
f 589/786/637 588/782/626 597/785/646 598/787/647
f 590/765/634 589/786/637 598/787/647 599/766/635
f 604/553/471 603/774/641 612/777/644 613/560/474
f 597/785/646 596/784/291 605/788/294 606/789/648
f 598/787/647 597/785/646 606/789/648 607/790/649
f 599/766/635 598/787/647 607/790/649 608/791/650
f 600/767/636 599/766/635 608/791/650 609/792/651
f 601/779/645 600/767/636 609/792/651 610/793/652
f 602/775/642 601/779/645 610/793/652 611/776/643
f 606/789/653 605/788/302 614/794/301 615/795/654
f 607/790/655 606/789/653 615/795/654 616/796/656
f 608/791/657 607/790/655 616/796/656 617/797/658
f 609/792/659 608/791/657 617/797/658 618/798/660
f 610/793/661 609/792/659 618/798/660 619/799/662
f 611/776/663 610/793/661 619/799/662 620/800/664
f 612/777/665 611/776/663 620/800/664 621/801/666
f 613/560/494 612/777/665 621/801/666 622/575/495
f 615/795/654 614/794/301 623/802/316 624/803/667
f 616/796/656 615/795/654 624/803/667 625/804/668
f 617/797/658 616/796/656 625/804/668 626/805/669
f 618/798/660 617/797/658 626/805/669 627/806/670
f 619/799/662 618/798/660 627/806/670 628/807/671
f 620/800/664 619/799/662 628/807/671 629/808/672
f 621/801/666 620/800/664 629/808/672 630/809/673
f 622/575/495 621/801/666 630/809/673 631/584/503
f 626/805/669 625/804/668 634/810/674 635/811/675
f 627/806/670 626/805/669 635/811/675 636/812/676
f 628/807/671 627/806/670 636/812/676 637/813/677
f 629/808/672 628/807/671 637/813/677 638/814/678
f 630/809/673 629/808/672 638/814/678 639/815/679
f 631/584/503 630/809/673 639/815/679 640/591/510
f 624/803/667 623/802/316 632/816/330 633/817/680
f 625/804/668 624/803/667 633/817/680 634/810/674
f 549/818/603 550/597/423 642/596/136 641/819/136
f 547/820/601 548/821/602 644/822/136 643/823/136
f 545/824/599 546/825/600 646/826/136 645/827/136
f 645/827/136 646/826/136 648/828/136 647/829/136
f 643/823/136 644/822/136 650/830/136 649/831/136
f 546/825/600 547/820/601 643/823/136 646/826/136
f 648/828/136 646/826/136 643/823/136 649/831/136
f 544/832/598 545/824/599 645/827/136 543/833/597
f 542/834/235 543/833/597 645/827/136 647/829/136
f 548/821/602 549/818/603 641/819/136 644/822/136
f 641/819/136 642/596/136 652/614/136 651/835/136
f 644/822/136 641/819/136 651/835/136 650/830/136
f 638/814/678 637/813/677 658/836/681 659/837/682
f 636/812/676 635/811/675 656/838/683 657/839/684
f 634/810/674 633/817/680 654/840/685 655/841/686
f 639/815/679 638/814/678 659/837/682 660/842/687
f 637/813/677 636/812/676 657/839/684 658/836/681
f 635/811/675 634/810/674 655/841/686 656/838/683
f 633/817/680 632/816/330 653/843/338 654/840/685
f 640/591/510 639/815/679 660/842/687 661/623/519
f 660/844/687 659/845/682 668/846/688 669/847/689
f 658/848/681 657/849/684 666/850/690 667/851/691
f 656/852/683 655/853/686 664/854/692 665/855/693
f 654/856/685 653/857/338 662/858/346 663/859/694
f 661/640/519 660/844/687 669/847/689 670/641/527
f 659/845/682 658/848/681 667/851/691 668/846/688
f 657/849/684 656/852/683 665/855/693 666/850/690
f 655/853/686 654/856/685 663/859/694 664/854/692
f 665/855/693 664/854/692 673/860/695 674/861/696
f 663/859/694 662/858/346 671/862/350 672/863/697
f 670/641/527 669/847/689 678/864/698 679/646/531
f 668/846/688 667/851/691 676/865/699 677/866/700
f 666/850/690 665/855/693 674/861/696 675/867/701
f 664/854/692 663/859/694 672/863/697 673/860/695
f 669/847/689 668/846/688 677/866/700 678/864/698
f 667/851/691 666/850/690 675/867/701 676/865/699
f 679/646/531 678/864/698 687/868/702 688/651/536
f 677/866/700 676/865/699 685/869/703 686/870/704
f 675/867/701 674/861/696 683/871/705 684/872/706
f 673/860/695 672/863/697 681/873/707 682/874/708
f 678/864/698 677/866/700 686/870/704 687/868/702
f 676/865/699 675/867/701 684/872/706 685/869/703
f 674/861/696 673/860/695 682/874/708 683/871/705
f 672/863/697 671/862/350 680/875/362 681/873/707
f 682/874/708 681/873/707 690/876/709 691/877/710
f 687/868/702 686/870/704 695/878/711 696/879/712
f 685/869/703 684/872/706 693/880/713 694/881/714
f 683/871/705 682/874/708 691/877/710 692/882/715
f 681/873/707 680/875/362 689/883/370 690/876/709
f 688/651/536 687/868/702 696/879/712 697/668/551
f 686/870/704 685/869/703 694/881/714 695/878/711
f 684/872/706 683/871/705 692/882/715 693/880/713
f 696/879/712 695/878/711 704/884/716 705/885/717
f 694/881/714 693/880/713 702/886/718 703/887/719
f 692/882/715 691/877/710 700/888/720 701/889/721
f 690/876/709 689/883/370 698/890/378 699/891/722
f 697/668/551 696/879/712 705/885/717 706/677/559
f 695/878/711 694/881/714 703/887/719 704/884/716
f 693/880/713 692/882/715 701/889/721 702/886/718
f 691/877/710 690/876/709 699/891/722 700/888/720
f 706/678/560 705/892/723 713/893/724 708/679/561
f 701/894/564 700/895/567 711/896/725 712/897/726
f 700/895/567 699/898/569 710/899/727 711/896/725
f 699/898/569 698/448/201 709/447/384 710/899/727
f 701/894/564 712/897/726 703/900/201 702/901/201
f 705/892/723 704/902/728 714/903/729 713/893/724
f 703/900/201 712/897/726 714/903/729 704/902/728
f 713/893/724 714/903/729 716/904/730 715/905/731
f 708/679/561 713/893/724 715/905/731 707/694/574
f 715/905/731 716/904/730 719/906/732 718/907/389
f 707/694/574 715/905/731 718/907/389 717/697/201
f 718/907/389 719/906/732 722/458/391 721/457/389
f 717/697/201 718/907/389 721/457/389 720/244/201
f 716/904/730 714/903/729 712/897/726 711/896/725
f 719/906/732 716/904/730 711/896/725 710/899/727
f 722/458/391 719/906/732 710/899/727 709/447/384
o cap.final
v 0.365796 1.724287 0.073951
v 0.344155 1.724287 0.143877
v 0.309288 1.724287 0.208238
v 0.262535 1.724287 0.264560
v 0.205692 1.724287 0.310678
v 0.140944 1.724287 0.344821
v 0.070780 1.724287 0.365676
v 0.354620 1.470153 0.121921
v 0.394178 1.761663 0.078678
v 0.371255 1.761663 0.154066
v 0.334064 1.761663 0.223534
v 0.284036 1.761663 0.284412
v 0.223092 1.761663 0.334360
v 0.153575 1.761663 0.371458
v 0.078156 1.761663 0.394282
v 0.366819 1.469831 0.063612
v 0.392601 1.869763 0.077843
v 0.369871 1.869763 0.152939
v 0.332927 1.869763 0.222159
v 0.283188 1.869763 0.282841
v 0.222567 1.869763 0.332654
v 0.153393 1.869763 0.369683
v 0.078324 1.869763 0.392505
v 0.351769 1.923834 0.070190
v 0.331316 1.923834 0.137468
v 0.298132 1.923834 0.199463
v 0.253490 1.923834 0.253793
v 0.199106 1.923834 0.298370
v 0.137071 1.923834 0.331480
v 0.069769 1.923834 0.351852
v 0.370634 1.489504 0.104332
v 0.315531 1.934201 0.047167
v 0.343158 1.489504 0.174635
v 0.273463 1.934201 0.164325
v 0.236150 1.934201 0.214518
v 0.189762 1.934201 0.256466
v 0.302494 1.489504 0.238226
v 0.077172 1.934201 0.309563
v 0.250206 1.489504 0.292662
v 0.188303 1.489504 0.335852
v 0.369012 1.680082 0.069138
v 0.348602 1.680082 0.139819
v 0.314794 1.680082 0.205160
v 0.268889 1.680082 0.262649
v 0.212650 1.680082 0.310078
v 0.148238 1.680082 0.345625
v 0.078130 1.680082 0.367922
v 0.119164 1.489504 0.366134
v 0.045444 1.489504 0.382347
v 0.076872 1.555335 0.375934
v 0.300267 1.934201 0.107818
v 0.148568 1.555335 0.353726
v 0.214554 1.555335 0.317959
v 0.272293 1.555335 0.270005
v 0.136082 1.934201 0.288559
v 0.319568 1.555335 0.211708
v 0.354562 1.555335 0.145309
v 0.375929 1.555335 0.073358
v 0.371154 1.619500 0.071389
v 0.349864 1.619500 0.142403
v 0.315129 1.619500 0.207900
v 0.268284 1.619500 0.265361
v 0.211129 1.619500 0.312579
v 0.145860 1.619500 0.347740
v 0.074986 1.619500 0.369492
v 0.321509 1.470426 0.198515
v 0.265966 1.470571 0.271193
v 0.198242 1.470424 0.321705
v 0.121649 1.470149 0.354778
v 0.060338 1.469377 0.367258
v 0.271232 1.934200 0.042800
v 0.223109 1.934200 0.075220
v 0.157632 1.934200 0.124541
v 0.043766 1.934200 0.156559
v 0.099509 1.934200 0.135626
v 0.329169 1.460113 0.104665
v 0.340651 1.459809 0.049781
v 0.298003 1.460370 0.176759
v 0.245723 1.460506 0.245167
v 0.181977 1.460368 0.292713
v 0.109883 1.460109 0.323843
v 0.052174 1.459382 0.335589
v -0.366635 1.724287 0.069842
v -0.345780 1.724287 0.140007
v -0.311637 1.724287 0.204755
v -0.265519 1.724287 0.261598
v -0.209197 1.724287 0.308351
v -0.144836 1.724287 0.343218
v -0.074910 1.724287 0.364859
v -0.354620 1.470153 0.121921
v -0.394282 1.761663 0.078156
v -0.371459 1.761663 0.153575
v -0.334360 1.761663 0.223092
v -0.284412 1.761663 0.284035
v -0.223535 1.761663 0.334064
v -0.154067 1.761663 0.371254
v -0.078678 1.761663 0.394178
v -0.000266 1.761663 0.401953
v -0.366819 1.469831 0.063612
v -0.392505 1.869763 0.078324
v -0.369683 1.869763 0.153393
v -0.332654 1.869763 0.222567
v -0.282841 1.869763 0.283188
v -0.222159 1.869763 0.332926
v -0.152940 1.869763 0.369870
v -0.077843 1.869763 0.392601
v -0.351853 1.923834 0.069769
v -0.331481 1.923834 0.137071
v -0.298370 1.923834 0.199106
v -0.253793 1.923834 0.253489
v -0.199463 1.923834 0.298131
v -0.137468 1.923834 0.331316
v -0.070190 1.923834 0.351768
v -0.382347 1.489504 0.045444
v -0.309563 1.934201 0.077171
v -0.366135 1.489504 0.119163
v -0.256467 1.934201 0.189762
v -0.214518 1.934201 0.236150
v -0.164326 1.934201 0.273462
v -0.335852 1.489504 0.188303
v -0.047167 1.934201 0.315531
v -0.292662 1.489504 0.250206
v -0.238226 1.489504 0.302494
v -0.367070 1.680082 0.079001
v -0.344773 1.680082 0.149110
v -0.309226 1.680082 0.213521
v -0.261797 1.680082 0.269760
v -0.204307 1.680082 0.315666
v -0.138967 1.680082 0.349473
v -0.068286 1.680082 0.369884
v 0.005019 1.680082 0.376113
v -0.174635 1.489504 0.343157
v -0.002105 1.724287 0.372442
v -0.104333 1.489504 0.370633
v -0.030021 1.489504 0.383866
v 0.000245 1.869763 0.400243
v 0.002222 1.555335 0.383727
v -0.000215 1.923834 0.358703
v -0.072514 1.555335 0.376808
v -0.288559 1.934201 0.136081
v -0.144465 1.555335 0.355440
v -0.210864 1.555335 0.320447
v -0.269161 1.555335 0.273172
v -0.107818 1.934201 0.300266
v -0.317115 1.555335 0.215432
v 0.015296 1.934201 0.318670
v -0.352883 1.555335 0.149447
v -0.375090 1.555335 0.077751
v -0.370676 1.619500 0.073805
v -0.348924 1.619500 0.144679
v -0.313763 1.619500 0.209948
v -0.266545 1.619500 0.267103
v -0.209084 1.619500 0.313948
v -0.143587 1.619500 0.348683
v -0.072573 1.619500 0.369972
v 0.001230 1.619500 0.376999
v -0.321509 1.470426 0.198515
v -0.265966 1.470571 0.271193
v -0.198242 1.470424 0.321705
v -0.121649 1.470149 0.354778
v -0.060338 1.469377 0.367258
v 0.000000 1.469493 0.370817
v -0.271232 1.934200 0.042800
v -0.223109 1.934200 0.075220
v -0.157632 1.934200 0.124541
v -0.043766 1.934200 0.156559
v -0.099509 1.934200 0.135626
v 0.000000 1.934200 0.165233
v -0.329169 1.460113 0.104665
v -0.340651 1.459809 0.049781
v -0.298003 1.460370 0.176759
v -0.245723 1.460506 0.245167
v -0.181977 1.460368 0.292713
v -0.109883 1.460109 0.323843
v -0.052174 1.459382 0.335589
v 0.000000 1.459491 0.338939
v 0.373380 1.724287 0.001147
v 0.366614 1.724287 -0.071738
v 0.345759 1.724287 -0.141903
v 0.311616 1.724287 -0.206651
v 0.265497 1.724287 -0.263494
v 0.209176 1.724287 -0.310247
v 0.144815 1.724287 -0.345114
v 0.074889 1.724287 -0.366755
v 0.354620 1.470153 -0.121922
v 0.401954 1.761663 0.000266
v 0.394282 1.761663 -0.078157
v 0.371459 1.761663 -0.153575
v 0.334360 1.761663 -0.223093
v 0.284412 1.761663 -0.284036
v 0.223535 1.761663 -0.334065
v 0.154067 1.761663 -0.371255
v 0.078678 1.761663 -0.394179
v 0.366819 1.469831 -0.063612
v 0.392505 1.869763 -0.078325
v 0.369683 1.869763 -0.153394
v 0.332654 1.869763 -0.222568
v 0.282841 1.869763 -0.283189
v 0.222159 1.869763 -0.332927
v 0.152940 1.869763 -0.369871
v 0.077843 1.869763 -0.392601
v 0.370709 1.469499 -0.000000
v 0.358703 1.923834 0.000214
v 0.351853 1.923834 -0.069769
v 0.331481 1.923834 -0.137072
v 0.298370 1.923834 -0.199107
v 0.253793 1.923834 -0.253490
v 0.199463 1.923834 -0.298132
v 0.137468 1.923834 -0.331317
v 0.070190 1.923834 -0.351769
v 0.383866 1.489504 0.030021
v 0.382347 1.489504 -0.045445
v 0.309563 1.934201 -0.077172
v 0.366135 1.489504 -0.119164
v 0.256467 1.934201 -0.189762
v 0.214518 1.934201 -0.236150
v 0.164326 1.934201 -0.273463
v 0.335852 1.489504 -0.188304
v 0.047167 1.934201 -0.315532
v 0.292662 1.489504 -0.250207
v 0.238226 1.489504 -0.302495
v 0.367050 1.680082 -0.077278
v 0.344753 1.680082 -0.147386
v 0.309207 1.680082 -0.211798
v 0.261778 1.680082 -0.268037
v 0.204288 1.680082 -0.313942
v 0.138947 1.680082 -0.347750
v 0.068267 1.680082 -0.368160
v 0.174635 1.489504 -0.343158
v 0.104333 1.489504 -0.370634
v 0.400244 1.869763 -0.000246
v 0.318670 1.934201 -0.015297
v 0.072480 1.555335 -0.375085
v 0.288559 1.934201 -0.136082
v 0.144430 1.555335 -0.353718
v 0.210829 1.555335 -0.318725
v 0.269126 1.555335 -0.271450
v 0.107818 1.934201 -0.300267
v 0.317080 1.555335 -0.213710
v 0.375242 1.680082 -0.004166
v 0.352848 1.555335 -0.147724
v 0.375055 1.555335 -0.076029
v 0.382849 1.555335 -0.001378
v 0.378180 1.619500 -0.002414
v 0.370673 1.619500 -0.076170
v 0.348921 1.619500 -0.147044
v 0.313761 1.619500 -0.212313
v 0.266542 1.619500 -0.269468
v 0.209081 1.619500 -0.316313
v 0.143584 1.619500 -0.351048
v 0.072570 1.619500 -0.372338
v 0.321509 1.470426 -0.198515
v 0.265966 1.470571 -0.271193
v 0.198242 1.470424 -0.321706
v 0.121649 1.470149 -0.354779
v 0.060338 1.469377 -0.367259
v 0.271232 1.934200 -0.042801
v 0.223109 1.934200 -0.075221
v 0.157632 1.934200 -0.124542
v 0.043766 1.934200 -0.156560
v 0.099509 1.934200 -0.135627
v 0.271232 1.934200 -0.000000
v 0.223109 1.934200 -0.000000
v 0.157632 1.934200 -0.000000
v 0.043766 1.934200 -0.000000
v 0.099509 1.934200 -0.000000
v 0.329169 1.460113 -0.104666
v 0.340651 1.459809 -0.049782
v 0.344312 1.459497 -0.000000
v 0.298003 1.460370 -0.176760
v 0.245723 1.460506 -0.245168
v 0.181977 1.460368 -0.292713
v 0.109883 1.460109 -0.323843
v 0.052174 1.459382 -0.335590
v -0.373401 1.724287 -0.003043
v -0.365818 1.724287 -0.075847
v -0.344177 1.724287 -0.145774
v -0.309310 1.724287 -0.210134
v -0.262556 1.724287 -0.266456
v -0.205714 1.724287 -0.312575
v -0.140966 1.724287 -0.346717
v -0.070801 1.724287 -0.367572
v -0.354620 1.470153 -0.121922
v -0.401954 1.761663 -0.000267
v -0.394178 1.761663 -0.078679
v -0.371255 1.761663 -0.154067
v -0.334064 1.761663 -0.223535
v -0.284036 1.761663 -0.284413
v -0.223092 1.761663 -0.334360
v -0.153575 1.761663 -0.371459
v -0.078156 1.761663 -0.394282
v 0.000266 1.761663 -0.401954
v -0.366819 1.469831 -0.063612
v -0.392601 1.869763 -0.077843
v -0.369871 1.869763 -0.152940
v -0.332927 1.869763 -0.222160
v -0.283188 1.869763 -0.282842
v -0.222567 1.869763 -0.332654
v -0.153393 1.869763 -0.369683
v -0.078324 1.869763 -0.392506
v -0.370709 1.469499 -0.000000
v -0.358703 1.923834 -0.000215
v -0.351769 1.923834 -0.070191
v -0.331316 1.923834 -0.137469
v -0.298132 1.923834 -0.199464
v -0.253490 1.923834 -0.253794
v -0.199106 1.923834 -0.298370
v -0.137071 1.923834 -0.331481
v -0.069769 1.923834 -0.351853
v -0.383866 1.489504 -0.030021
v -0.370634 1.489504 -0.104333
v -0.315531 1.934201 -0.047168
v -0.343158 1.489504 -0.174635
v -0.273463 1.934201 -0.164326
v -0.236150 1.934201 -0.214518
v -0.189762 1.934201 -0.256467
v -0.302494 1.489504 -0.238227
v -0.077172 1.934201 -0.309564
v -0.250206 1.489504 -0.292663
v -0.188303 1.489504 -0.335852
v -0.369032 1.680082 -0.067414
v -0.348621 1.680082 -0.138095
v -0.314813 1.680082 -0.203436
v -0.268908 1.680082 -0.260926
v -0.212669 1.680082 -0.308355
v -0.148258 1.680082 -0.343901
v -0.078149 1.680082 -0.366198
v -0.005038 1.680082 -0.374390
v -0.119164 1.489504 -0.366135
v 0.002084 1.724287 -0.374338
v -0.045444 1.489504 -0.382348
v 0.030021 1.489504 -0.383867
v -0.400244 1.869763 0.000245
v -0.000245 1.869763 -0.400244
v -0.002257 1.555335 -0.382005
v 0.000215 1.923834 -0.358704
v -0.318670 1.934201 0.015296
v -0.076907 1.555335 -0.374211
v -0.300267 1.934201 -0.107819
v -0.148603 1.555335 -0.352004
v -0.214589 1.555335 -0.316236
v -0.272328 1.555335 -0.268282
v -0.136082 1.934201 -0.288560
v -0.319603 1.555335 -0.209986
v -0.015296 1.934201 -0.318671
v -0.375261 1.680082 0.005890
v -0.354597 1.555335 -0.143586
v -0.375964 1.555335 -0.071636
v -0.382884 1.555335 0.003101
v -0.378183 1.619500 0.000049
v -0.371157 1.619500 -0.073754
v -0.349867 1.619500 -0.144768
v -0.315132 1.619500 -0.210265
v -0.268287 1.619500 -0.267726
v -0.211132 1.619500 -0.314945
v -0.145863 1.619500 -0.350105
v -0.074989 1.619500 -0.371857
v -0.001233 1.619500 -0.379364
v -0.321509 1.470426 -0.198515
v -0.265966 1.470571 -0.271193
v -0.198242 1.470424 -0.321706
v -0.121649 1.470149 -0.354779
v -0.060338 1.469377 -0.367259
v 0.000000 1.469493 -0.370817
v -0.271232 1.934200 -0.042801
v -0.223109 1.934200 -0.075221
v -0.157632 1.934200 -0.124542
v -0.043766 1.934200 -0.156560
v -0.099509 1.934200 -0.135627
v 0.000000 1.934200 -0.165233
v -0.271232 1.934200 -0.000000
v -0.223109 1.934200 -0.000000
v -0.157632 1.934200 -0.000000
v -0.043766 1.934200 -0.000000
v -0.099509 1.934200 -0.000000
v 0.000000 1.934200 -0.000000
v -0.329169 1.460113 -0.104666
v -0.340651 1.459809 -0.049782
v -0.344312 1.459497 -0.000000
v -0.298003 1.460370 -0.176760
v -0.245723 1.460506 -0.245168
v -0.181977 1.460368 -0.292713
v -0.109883 1.460109 -0.323843
v -0.052174 1.459382 -0.335590
v 0.000000 1.459491 -0.338940
v 0.329169 1.894246 0.104665
v 0.340651 1.893943 0.049781
v 0.298003 1.894504 0.176759
v 0.245723 1.894640 0.245167
v 0.181977 1.894502 0.292712
v 0.109883 1.894243 0.323843
v 0.052174 1.893516 0.335589
v -0.329169 1.894246 0.104665
v -0.340651 1.893943 0.049781
v -0.298003 1.894504 0.176759
v -0.245723 1.894640 0.245167
v -0.181977 1.894502 0.292712
v -0.109883 1.894243 0.323843
v -0.052174 1.893516 0.335589
v 0.000000 1.893625 0.338939
v 0.329169 1.894246 -0.104666
v 0.340651 1.893943 -0.049782
v 0.344312 1.893631 -0.000000
v 0.298003 1.894504 -0.176760
v 0.245723 1.894640 -0.245168
v 0.181977 1.894502 -0.292713
v 0.109883 1.894243 -0.323844
v 0.052174 1.893516 -0.335590
v -0.329169 1.894246 -0.104666
v -0.340651 1.893943 -0.049782
v -0.344312 1.893631 -0.000000
v -0.298003 1.894504 -0.176760
v -0.245723 1.894640 -0.245168
v -0.181977 1.894502 -0.292713
v -0.109883 1.894243 -0.323844
v -0.052174 1.893516 -0.335590
v 0.000000 1.893625 -0.338940
vn 0.7767 -0.6098 0.1580
vn 0.7944 -0.6073 0.0034
vn 0.9517 -0.3071 0.0009
vn 0.9328 -0.3086 0.1864
vn 0.7292 -0.6121 0.3058
vn 0.8781 -0.3099 0.3646
vn 0.6541 -0.6143 0.4413
vn 0.7898 -0.3112 0.5286
vn 0.5543 -0.6161 0.5595
vn 0.6712 -0.3122 0.6723
vn 0.4338 -0.6177 0.6560
vn 0.5271 -0.3131 0.7900
vn 0.2969 -0.6188 0.7273
vn 0.3628 -0.3138 0.8774
vn 0.1491 -0.6194 0.7708
vn 0.1847 -0.3142 0.9312
vn -0.0044 -0.6196 0.7849
vn -0.0004 -0.3143 0.9493
vn 0.9463 0.3233 -0.0003
vn 0.9282 0.3233 0.1843
vn 0.8744 0.3233 0.3618
vn 0.7870 0.3233 0.5255
vn 0.6694 0.3233 0.6689
vn 0.5260 0.3233 0.7866
vn 0.3624 0.3233 0.8742
vn 0.1849 0.3233 0.9281
vn 0.0003 0.3233 0.9463
vn 0.5232 0.8241 0.2171
vn 0.4708 0.8241 0.3151
vn 0.4003 0.8241 0.4009
vn 0.3144 0.8241 0.4713
vn 0.2164 0.8241 0.5235
vn 0.1102 0.8241 0.5557
vn -0.0004 0.8241 0.5665
vn 0.5665 0.8241 0.0004
vn 0.5556 0.8241 0.1109
vn 0.0803 0.9908 0.1089
vn 0.0575 0.9908 0.1225
vn 0.1158 0.9908 0.0699
vn 0.1000 0.9908 0.0911
vn 0.1338 0.9908 0.0202
vn 0.1272 0.9908 0.0459
vn 0.0325 0.9908 0.1313
vn 0.1351 0.9908 -0.0062
vn 0.0063 0.9908 0.1351
vn 0.3768 0.0804 0.9228
vn 0.1890 0.0827 0.9785
vn 0.2072 0.0486 0.9771
vn 0.3934 0.0484 0.9181
vn 0.7023 0.0716 0.7083
vn 0.5501 0.0767 0.8316
vn 0.5647 0.0481 0.8239
vn 0.7143 0.0477 0.6982
vn 0.9209 0.0585 0.3854
vn 0.8275 0.0655 0.5576
vn 0.8367 0.0472 0.5457
vn 0.9270 0.0466 0.3722
vn 0.9991 0.0429 0.0035
vn 0.9788 0.0508 0.1983
vn 0.9818 0.0459 0.1843
vn 0.9989 0.0453 -0.0107
vn -0.0060 0.0834 0.9965
vn 0.0130 0.0487 0.9987
vn 0.9244 0.0600 0.3766
vn 0.9802 0.0602 0.1889
vn 0.1991 0.0595 0.9782
vn 0.3864 0.0595 0.9204
vn 0.5589 0.0596 0.8271
vn 0.7097 0.0597 0.7020
vn 0.8331 0.0599 0.5498
vn 0.0040 0.0595 0.9982
vn 0.2580 -0.4679 0.8453
vn 0.0772 -0.5337 0.8421
vn 0.0989 -0.7785 0.6198
vn 0.2122 -0.7554 0.6199
vn 0.9982 0.0604 -0.0060
vn -0.0747 -0.5392 0.8388
vn 0.0005 -0.7918 0.6108
vn 0.8465 -0.4772 0.2359
vn 0.8210 -0.3974 0.4099
vn 0.6306 -0.7461 0.2137
vn 0.6275 -0.7721 0.1000
vn 0.7361 -0.3349 0.5882
vn 0.6002 -0.7204 0.3476
vn 0.9788 0.0545 0.1972
vn 0.9215 0.0563 0.3843
vn 0.8972 0.0274 0.4408
vn 0.9659 0.0298 0.2572
vn 0.8288 0.0579 0.5565
vn 0.7940 0.0252 0.6074
vn 0.9986 0.0527 0.0025
vn 0.9974 0.0323 0.0638
vn 0.1933 0.0618 0.9792
vn -0.0012 0.0620 0.9981
vn -0.0645 0.0198 0.9977
vn 0.1315 0.0200 0.9911
vn 0.5530 0.0604 0.8310
vn 0.3804 0.0613 0.9228
vn 0.3224 0.0206 0.9464
vn 0.5009 0.0217 0.8652
vn 0.7044 0.0593 0.7074
vn 0.6602 0.0233 0.7508
vn 0.5882 -0.3393 0.7341
vn 0.4175 -0.4079 0.8120
vn 0.3662 -0.7210 0.5883
vn 0.5141 -0.7021 0.4928
vn 0.8336 -0.5474 0.0745
vn 0.6269 -0.7791 -0.0017
vn -0.0000 1.0000 -0.0000
vn -0.0000 -0.9545 0.2982
vn 0.0412 -0.9556 0.2916
vn 0.3388 -0.9397 0.0462
vn 0.3494 -0.9370 -0.0000
vn 0.1473 -0.9571 0.2494
vn 0.2091 -0.9557 0.2069
vn 0.0932 -0.9569 0.2751
vn 0.2661 -0.9518 0.1524
vn 0.3084 -0.9464 0.0958
vn -0.7787 -0.6094 0.1493
vn -0.9330 -0.3084 0.1857
vn -0.9517 -0.3070 0.0001
vn -0.7948 -0.6069 -0.0055
vn -0.7329 -0.6117 0.2977
vn -0.8784 -0.3098 0.3639
vn -0.6592 -0.6139 0.4341
vn -0.7902 -0.3110 0.5280
vn -0.5607 -0.6158 0.5535
vn -0.6718 -0.3121 0.6718
vn -0.4412 -0.6174 0.6513
vn -0.5277 -0.3130 0.7896
vn -0.3051 -0.6186 0.7241
vn -0.3635 -0.3137 0.8772
vn -0.1577 -0.6193 0.7691
vn -0.1855 -0.3141 0.9311
vn -0.9281 0.3233 0.1849
vn -0.9463 0.3233 0.0003
vn -0.8742 0.3233 0.3624
vn -0.7866 0.3233 0.5260
vn -0.6689 0.3233 0.6694
vn -0.5255 0.3233 0.7870
vn -0.3618 0.3233 0.8744
vn -0.1843 0.3233 0.9282
vn -0.4713 0.8241 0.3144
vn -0.5235 0.8241 0.2164
vn -0.4009 0.8241 0.4003
vn -0.3151 0.8241 0.4708
vn -0.2171 0.8241 0.5232
vn -0.1109 0.8241 0.5556
vn -0.5557 0.8241 0.1102
vn -0.5665 0.8241 -0.0004
vn -0.0459 0.9908 0.1273
vn -0.0699 0.9908 0.1158
vn -0.0911 0.9908 0.1000
vn -0.1089 0.9908 0.0803
vn -0.1225 0.9908 0.0575
vn -0.1313 0.9908 0.0325
vn -0.0202 0.9908 0.1338
vn -0.1351 0.9908 0.0062
vn -0.3878 0.0802 0.9182
vn -0.3694 0.0484 0.9280
vn -0.1817 0.0486 0.9822
vn -0.2008 0.0825 0.9762
vn -0.7108 0.0713 0.6998
vn -0.6959 0.0477 0.7166
vn -0.5430 0.0481 0.8384
vn -0.5601 0.0764 0.8249
vn -0.9255 0.0580 0.3744
vn -0.9170 0.0466 0.3962
vn -0.8222 0.0472 0.5673
vn -0.8342 0.0650 0.5477
vn -0.9991 0.0423 -0.0085
vn -0.9989 0.0453 0.0153
vn -0.9767 0.0459 0.2098
vn -0.9812 0.0503 0.1866
vn -0.9786 0.0603 0.1967
vn -0.9214 0.0601 0.3839
vn -0.3790 0.0595 0.9235
vn -0.1912 0.0595 0.9797
vn -0.7040 0.0598 0.7077
vn -0.5522 0.0596 0.8316
vn -0.8287 0.0599 0.5565
vn -0.4098 -0.3958 0.8218
vn -0.2086 -0.7551 0.6215
vn -0.0941 -0.7845 0.6129
vn -0.2352 -0.4748 0.8481
vn -0.9982 0.0604 0.0020
vn -0.8373 -0.5417 0.0747
vn -0.6363 -0.7641 0.1066
vn -0.6287 -0.7469 0.2165
vn -0.8444 -0.4697 0.2575
vn -0.5859 -0.7201 0.3718
vn -0.8088 -0.4147 0.4171
vn -0.9793 0.0548 0.1949
vn -0.9909 0.0309 0.1307
vn -0.9465 0.0284 0.3216
vn -0.9224 0.0565 0.3821
vn -0.8656 0.0261 0.5001
vn -0.8301 0.0581 0.5545
vn -0.9986 0.0530 0.0001
vn -0.9973 0.0335 -0.0651
vn -0.1956 0.0619 0.9787
vn -0.2581 0.0202 0.9659
vn -0.5549 0.0605 0.8297
vn -0.6082 0.0224 0.7935
vn -0.4416 0.0211 0.8969
vn -0.3826 0.0614 0.9219
vn -0.7514 0.0241 0.6595
vn -0.7060 0.0594 0.7057
vn -0.7317 -0.3513 0.5841
vn -0.4877 -0.6967 0.5261
vn -0.3419 -0.7248 0.5981
vn -0.5896 -0.3176 0.7426
vn -0.8336 -0.5474 -0.0745
vn -0.6269 -0.7791 0.0017
vn -0.0412 -0.9556 0.2916
vn -0.3494 -0.9370 -0.0000
vn -0.3388 -0.9397 0.0462
vn -0.2091 -0.9557 0.2069
vn -0.1473 -0.9571 0.2494
vn -0.0932 -0.9569 0.2751
vn -0.3084 -0.9464 0.0958
vn -0.2661 -0.9518 0.1524
vn 0.7817 -0.6048 -0.1520
vn 0.9340 -0.3057 -0.1849
vn 0.7388 -0.6024 -0.3022
vn 0.8804 -0.3043 -0.3638
vn 0.6671 -0.6002 -0.4414
vn 0.7928 -0.3030 -0.5288
vn 0.5693 -0.5982 -0.5640
vn 0.6746 -0.3019 -0.6736
vn 0.4491 -0.5965 -0.6652
vn 0.5304 -0.3009 -0.7926
vn 0.3113 -0.5953 -0.7408
vn 0.3656 -0.3002 -0.8810
vn 0.1611 -0.5945 -0.7878
vn 0.1866 -0.2998 -0.9356
vn 0.0045 -0.5942 -0.8043
vn 0.0004 -0.2996 -0.9541
vn 0.9281 0.3233 -0.1849
vn 0.8742 0.3233 -0.3624
vn 0.7866 0.3233 -0.5260
vn 0.6689 0.3233 -0.6694
vn 0.5255 0.3233 -0.7870
vn 0.3618 0.3233 -0.8744
vn 0.1843 0.3233 -0.9282
vn -0.0003 0.3233 -0.9463
vn 0.4713 0.8241 -0.3144
vn 0.5235 0.8241 -0.2164
vn 0.4009 0.8241 -0.4003
vn 0.3151 0.8241 -0.4708
vn 0.2171 0.8241 -0.5232
vn 0.1109 0.8241 -0.5556
vn 0.0004 0.8241 -0.5665
vn 0.5557 0.8241 -0.1102
vn 0.0459 0.9908 -0.1273
vn 0.0699 0.9908 -0.1158
vn 0.0911 0.9908 -0.1000
vn 0.1089 0.9908 -0.0803
vn 0.1225 0.9908 -0.0575
vn 0.1313 0.9908 -0.0325
vn 0.0202 0.9908 -0.1338
vn -0.0063 0.9908 -0.1351
vn 0.3874 0.0050 -0.9219
vn 0.3711 0.0420 -0.9277
vn 0.1825 0.0418 -0.9823
vn 0.2005 0.0026 -0.9797
vn 0.7101 0.0139 -0.7040
vn 0.6983 0.0428 -0.7145
vn 0.5452 0.0423 -0.8372
vn 0.5594 0.0088 -0.8288
vn 0.9250 0.0272 -0.3791
vn 0.9188 0.0439 -0.3924
vn 0.8245 0.0433 -0.5643
vn 0.8335 0.0201 -0.5522
vn 0.9776 0.0446 -0.2055
vn 0.9809 0.0349 -0.1915
vn -0.0131 0.0417 -0.9990
vn 0.0060 0.0018 -1.0000
vn 0.9778 0.0605 -0.2006
vn 0.9199 0.0607 -0.3874
vn 0.3776 0.0611 -0.9240
vn 0.1904 0.0612 -0.9798
vn 0.7020 0.0609 -0.7096
vn 0.5503 0.0610 -0.8327
vn 0.8268 0.0608 -0.5592
vn -0.0040 0.0612 -0.9981
vn 0.4098 -0.3958 -0.8218
vn 0.2086 -0.7551 -0.6215
vn 0.0941 -0.7845 -0.6129
vn 0.2352 -0.4748 -0.8481
vn -0.0005 -0.7918 -0.6108
vn 0.0747 -0.5392 -0.8388
vn 0.8373 -0.5417 -0.0747
vn 0.6363 -0.7641 -0.1066
vn 0.6287 -0.7469 -0.2165
vn 0.8444 -0.4697 -0.2575
vn 0.5859 -0.7201 -0.3718
vn 0.8088 -0.4147 -0.4171
vn 0.9800 0.0509 -0.1924
vn 0.9906 0.0349 -0.1320
vn 0.9458 0.0374 -0.3226
vn 0.9237 0.0492 -0.3800
vn 0.8646 0.0397 -0.5009
vn 0.8318 0.0476 -0.5531
vn 0.1963 0.0437 -0.9796
vn 0.2575 0.0456 -0.9652
vn 0.0644 0.0459 -0.9969
vn 0.0012 0.0436 -0.9990
vn 0.5566 0.0451 -0.8296
vn 0.6072 0.0434 -0.7934
vn 0.4408 0.0447 -0.8965
vn 0.3838 0.0442 -0.9223
vn 0.7503 0.0417 -0.6598
vn 0.7078 0.0462 -0.7049
vn 0.7317 -0.3513 -0.5841
vn 0.4877 -0.6967 -0.5261
vn 0.3419 -0.7248 -0.5981
vn 0.5896 -0.3176 -0.7426
vn 0.0412 -0.9556 -0.2916
vn -0.0000 -0.9545 -0.2982
vn 0.3388 -0.9397 -0.0462
vn 0.2091 -0.9557 -0.2069
vn 0.1473 -0.9571 -0.2494
vn 0.0932 -0.9569 -0.2751
vn 0.3084 -0.9464 -0.0958
vn 0.2661 -0.9518 -0.1524
vn -0.7803 -0.6044 -0.1608
vn -0.9339 -0.3055 -0.1857
vn -0.7356 -0.6020 -0.3106
vn -0.8801 -0.3041 -0.3645
vn -0.6623 -0.5998 -0.4490
vn -0.7924 -0.3029 -0.5294
vn -0.5631 -0.5978 -0.5705
vn -0.6741 -0.3017 -0.6742
vn -0.4418 -0.5963 -0.6703
vn -0.5298 -0.3008 -0.7930
vn -0.3030 -0.5951 -0.7444
vn -0.3649 -0.3001 -0.8814
vn -0.1523 -0.5944 -0.7896
vn -0.1859 -0.2997 -0.9357
vn -0.9282 0.3233 -0.1843
vn -0.8744 0.3233 -0.3618
vn -0.7870 0.3233 -0.5255
vn -0.6694 0.3233 -0.6689
vn -0.5260 0.3233 -0.7866
vn -0.3624 0.3233 -0.8742
vn -0.1849 0.3233 -0.9281
vn -0.5232 0.8241 -0.2171
vn -0.4708 0.8241 -0.3151
vn -0.4003 0.8241 -0.4009
vn -0.3144 0.8241 -0.4713
vn -0.2164 0.8241 -0.5235
vn -0.1102 0.8241 -0.5557
vn -0.5556 0.8241 -0.1109
vn -0.0803 0.9908 -0.1089
vn -0.0575 0.9908 -0.1225
vn -0.1158 0.9908 -0.0699
vn -0.1000 0.9908 -0.0911
vn -0.1338 0.9908 -0.0202
vn -0.1272 0.9908 -0.0459
vn -0.0325 0.9908 -0.1313
vn -0.3762 0.0048 -0.9265
vn -0.1887 0.0025 -0.9820
vn -0.2081 0.0418 -0.9772
vn -0.3952 0.0420 -0.9176
vn -0.7015 0.0135 -0.7125
vn -0.5494 0.0085 -0.8355
vn -0.5669 0.0423 -0.8227
vn -0.7168 0.0428 -0.6960
vn -0.9203 0.0267 -0.3902
vn -0.8268 0.0197 -0.5622
vn -0.8389 0.0433 -0.5426
vn -0.9287 0.0439 -0.3683
vn -0.9785 0.0344 -0.2033
vn -0.9827 0.0446 -0.1799
vn -0.9230 0.0608 -0.3800
vn -0.9794 0.0606 -0.1928
vn -0.1982 0.0612 -0.9782
vn -0.3849 0.0612 -0.9209
vn -0.5569 0.0611 -0.8283
vn -0.7076 0.0610 -0.7040
vn -0.8312 0.0609 -0.5526
vn -0.2580 -0.4679 -0.8453
vn -0.0772 -0.5337 -0.8421
vn -0.0989 -0.7785 -0.6198
vn -0.2122 -0.7554 -0.6199
vn -0.8465 -0.4772 -0.2359
vn -0.8210 -0.3974 -0.4099
vn -0.6306 -0.7461 -0.2137
vn -0.6275 -0.7721 -0.1000
vn -0.7361 -0.3349 -0.5882
vn -0.6002 -0.7204 -0.3476
vn -0.9795 0.0512 -0.1947
vn -0.9228 0.0495 -0.3822
vn -0.8963 0.0384 -0.4417
vn -0.9654 0.0360 -0.2584
vn -0.8305 0.0478 -0.5550
vn -0.7929 0.0406 -0.6080
vn -0.1940 0.0438 -0.9800
vn -0.1312 0.0458 -0.9903
vn -0.5546 0.0452 -0.8309
vn -0.3817 0.0443 -0.9232
vn -0.3217 0.0452 -0.9457
vn -0.5000 0.0441 -0.8649
vn -0.7062 0.0464 -0.7065
vn -0.6591 0.0425 -0.7509
vn -0.5882 -0.3393 -0.7341
vn -0.4175 -0.4079 -0.8120
vn -0.3662 -0.7210 -0.5883
vn -0.5141 -0.7021 -0.4928
vn -0.0412 -0.9556 -0.2916
vn -0.3388 -0.9397 -0.0462
vn -0.1473 -0.9571 -0.2494
vn -0.2091 -0.9557 -0.2069
vn -0.0932 -0.9569 -0.2751
vn -0.2661 -0.9518 -0.1524
vn -0.3084 -0.9464 -0.0958
vn -0.9903 -0.0000 -0.1391
vn -0.9533 -0.0000 -0.3021
vn -0.9531 -0.0000 -0.3026
vn -0.9902 -0.0000 -0.1396
vn -1.0000 -0.0000 -0.0000
vn -0.9533 -0.0000 0.3021
vn -0.9903 -0.0000 0.1391
vn -0.9902 -0.0000 0.1396
vn -0.9531 -0.0000 0.3026
vn -0.1319 -0.0000 -0.9913
vn -0.0000 -0.0000 -1.0000
vn -0.1323 -0.0000 -0.9912
vn 0.9903 -0.0000 0.1391
vn 0.9533 -0.0000 0.3021
vn 0.9531 -0.0000 0.3026
vn 0.9902 -0.0000 0.1396
vn -0.2991 -0.0000 -0.9542
vn -0.3000 -0.0000 -0.9539
vn 0.9533 -0.0000 -0.3021
vn 0.9903 -0.0000 -0.1391
vn 0.9902 -0.0000 -0.1396
vn 0.9531 -0.0000 -0.3026
vn 1.0000 -0.0000 -0.0000
vn -0.0000 -0.0000 1.0000
vn -0.1319 -0.0000 0.9913
vn -0.1323 -0.0000 0.9912
vn -0.5004 -0.0000 -0.8658
vn -0.5007 -0.0000 -0.8656
vn 0.1319 -0.0000 0.9913
vn 0.1323 -0.0000 0.9912
vn -0.2991 -0.0000 0.9542
vn -0.3000 -0.0000 0.9539
vn -0.7030 -0.0000 -0.7112
vn 0.1319 -0.0000 -0.9913
vn 0.1323 -0.0000 -0.9912
vn 0.2991 -0.0000 0.9542
vn 0.3000 -0.0000 0.9539
vn -0.5004 -0.0000 0.8658
vn -0.5007 -0.0000 0.8656
vn -0.8628 -0.0000 -0.5056
vn -0.8626 -0.0000 -0.5059
vn 0.2991 -0.0000 -0.9542
vn 0.3000 -0.0000 -0.9539
vn 0.5004 -0.0000 0.8658
vn 0.5007 -0.0000 0.8656
vn -0.7030 -0.0000 0.7112
vn 0.5004 -0.0000 -0.8658
vn 0.5007 -0.0000 -0.8656
vn 0.7030 -0.0000 0.7112
vn -0.8628 -0.0000 0.5056
vn -0.8626 -0.0000 0.5059
vn 0.7030 -0.0000 -0.7112
vn 0.8628 -0.0000 0.5056
vn 0.8626 -0.0000 0.5059
vn 0.8628 -0.0000 -0.5056
vn 0.8626 -0.0000 -0.5059
vn -0.0000 -1.0000 -0.0000
vt 0.947960 0.538469
vt 0.947714 0.550531
vt 0.939773 0.550884
vt 0.940486 0.538276
vt 0.948389 0.526831
vt 0.941284 0.526606
vt 0.948819 0.515642
vt 0.941959 0.515462
vt 0.949218 0.504793
vt 0.942529 0.504662
vt 0.949586 0.494194
vt 0.943022 0.494110
vt 0.949928 0.483788
vt 0.943462 0.483745
vt 0.950247 0.473538
vt 0.943863 0.473532
vt 0.950548 0.463419
vt 0.944238 0.463446
vt 0.922121 0.548732
vt 0.924380 0.536703
vt 0.925976 0.525403
vt 0.927149 0.514533
vt 0.928062 0.503930
vt 0.928809 0.493513
vt 0.929448 0.483241
vt 0.930016 0.473089
vt 0.930537 0.463043
vt 0.916054 0.523872
vt 0.917419 0.513374
vt 0.918472 0.502998
vt 0.919333 0.492724
vt 0.920070 0.482545
vt 0.920727 0.472454
vt 0.921332 0.462448
vt 0.911224 0.545540
vt 0.914154 0.534536
vt 0.912820 0.494731
vt 0.913630 0.484599
vt 0.910716 0.515151
vt 0.911874 0.504920
vt 0.907115 0.535566
vt 0.909213 0.525392
vt 0.914351 0.474532
vt 0.903851 0.545483
vt 0.915014 0.464535
vt 0.956346 0.474608
vt 0.956109 0.484834
vt 0.955870 0.495218
vt 0.955632 0.505803
vt 0.955408 0.516647
vt 0.955216 0.527832
vt 0.955095 0.539440
vt 0.955062 0.551452
vt 0.956573 0.464521
vt 0.964535 0.527546
vt 0.964775 0.539095
vt 0.964705 0.474285
vt 0.964575 0.484557
vt 0.964476 0.494973
vt 0.964409 0.505571
vt 0.964416 0.516402
vt 0.964830 0.464152
vt 0.982482 0.480208
vt 0.982361 0.470048
vt 0.985645 0.472293
vt 0.985506 0.480998
vt 0.965054 0.551091
vt 0.982255 0.460034
vt 0.985598 0.463959
vt 0.984459 0.532919
vt 0.983500 0.521991
vt 0.987349 0.529386
vt 0.988768 0.538305
vt 0.982932 0.511352
vt 0.986174 0.517329
vt 0.974889 0.538541
vt 0.974224 0.527116
vt 0.973800 0.516138
vt 0.975614 0.550583
vt 0.986077 0.544536
vt 0.973518 0.474409
vt 0.973526 0.464339
vt 0.973513 0.494959
vt 0.973519 0.484610
vt 0.982546 0.490500
vt 0.973586 0.505451
vt 0.982669 0.500892
vt 0.985435 0.492646
vt 0.985537 0.504456
vt 0.991106 0.548230
vt 0.345688 0.362507
vt 0.344100 0.354527
vt 0.363618 0.348400
vt 0.365002 0.356021
vt 0.345686 0.338410
vt 0.348799 0.330893
vt 0.362517 0.323028
vt 0.362110 0.330566
vt 0.348802 0.370024
vt 0.366955 0.361487
vt 0.344099 0.346390
vt 0.360975 0.341170
vt 0.359072 0.318374
vt 0.353319 0.324127
vt 0.378761 0.339345
vt 0.382483 0.345569
vt 0.370509 0.325544
vt 0.374880 0.332855
vt 0.385405 0.350455
vt 0.367296 0.320171
vt 0.365837 0.313853
vt 0.990324 0.463865
vt 0.990566 0.471692
vt 0.993666 0.538989
vt 0.995500 0.546898
vt 0.990663 0.492705
vt 0.990575 0.504903
vt 0.990558 0.480692
vt 0.991111 0.518013
vt 0.992240 0.530140
vt 0.952551 0.395304
vt 0.946669 0.395449
vt 0.947004 0.386037
vt 0.952829 0.385888
vt 0.952267 0.404793
vt 0.946327 0.404930
vt 0.951977 0.414354
vt 0.945981 0.414482
vt 0.951688 0.423992
vt 0.945634 0.424107
vt 0.951402 0.433711
vt 0.945288 0.433810
vt 0.951120 0.443517
vt 0.944943 0.443596
vt 0.950837 0.453417
vt 0.944595 0.453472
vt 0.933738 0.395107
vt 0.934167 0.385700
vt 0.933302 0.404584
vt 0.932860 0.414131
vt 0.932413 0.423753
vt 0.931960 0.433452
vt 0.931500 0.443230
vt 0.931028 0.453092
vt 0.924022 0.413606
vt 0.924530 0.404066
vt 0.923506 0.423221
vt 0.922982 0.432912
vt 0.922449 0.442679
vt 0.921902 0.452524
vt 0.925031 0.394597
vt 0.925522 0.385197
vt 0.916238 0.444758
vt 0.916822 0.434980
vt 0.917394 0.425277
vt 0.917958 0.415648
vt 0.918514 0.406094
vt 0.919060 0.396613
vt 0.915639 0.454610
vt 0.919597 0.387203
vt 0.957012 0.444690
vt 0.956793 0.454554
vt 0.957470 0.425228
vt 0.957237 0.434917
vt 0.957960 0.406065
vt 0.957713 0.415613
vt 0.958437 0.387155
vt 0.958203 0.396579
vt 0.965991 0.396014
vt 0.965799 0.405515
vt 0.965088 0.444239
vt 0.964956 0.454142
vt 0.965405 0.424714
vt 0.965235 0.434431
vt 0.965597 0.415079
vt 0.982089 0.440359
vt 0.985058 0.447344
vt 0.985396 0.455733
vt 0.982198 0.450164
vt 0.966167 0.386583
vt 0.982506 0.392440
vt 0.985505 0.395041
vt 0.985250 0.402809
vt 0.982454 0.401966
vt 0.984917 0.413575
vt 0.982301 0.411482
vt 0.974166 0.396524
vt 0.974026 0.406021
vt 0.973863 0.415556
vt 0.974273 0.387080
vt 0.982525 0.382999
vt 0.973546 0.454396
vt 0.973624 0.434807
vt 0.982079 0.430638
vt 0.973573 0.444558
vt 0.982134 0.421033
vt 0.973720 0.425145
vt 0.984679 0.425328
vt 0.984780 0.436303
vt 0.985651 0.386742
vt 0.353323 0.376788
vt 0.370846 0.365795
vt 0.376905 0.370621
vt 0.359077 0.382541
vt 0.373359 0.390174
vt 0.391902 0.380389
vt 0.398735 0.383598
vt 0.381340 0.391761
vt 0.365842 0.387061
vt 0.382023 0.376371
vt 0.397456 0.390172
vt 0.389476 0.391760
vt 0.388327 0.355342
vt 0.392048 0.361566
vt 0.395929 0.368056
vt 0.400301 0.375367
vt 0.403514 0.380740
vt 0.404973 0.387058
vt 0.990216 0.456155
vt 0.989401 0.386721
vt 0.989530 0.393695
vt 0.989322 0.424785
vt 0.989687 0.436145
vt 0.989892 0.447502
vt 0.989496 0.401673
vt 0.989357 0.412713
vt 0.957261 0.249367
vt 0.951314 0.249266
vt 0.951616 0.239196
vt 0.957742 0.239722
vt 0.956928 0.258860
vt 0.951154 0.258825
vt 0.956621 0.268112
vt 0.950986 0.268081
vt 0.956316 0.277188
vt 0.950772 0.277157
vt 0.956012 0.286161
vt 0.950518 0.286135
vt 0.955709 0.295083
vt 0.950237 0.295068
vt 0.955409 0.303989
vt 0.949938 0.303991
vt 0.955110 0.312904
vt 0.949626 0.312927
vt 0.938050 0.249731
vt 0.937111 0.239548
vt 0.938469 0.259109
vt 0.938586 0.268175
vt 0.938516 0.277106
vt 0.938326 0.285985
vt 0.938058 0.294852
vt 0.937740 0.303732
vt 0.937390 0.312641
vt 0.930423 0.268147
vt 0.930206 0.259352
vt 0.930384 0.276915
vt 0.930192 0.285691
vt 0.929905 0.294493
vt 0.929556 0.303330
vt 0.929168 0.312210
vt 0.929543 0.250457
vt 0.928024 0.241324
vt 0.924373 0.296463
vt 0.924706 0.287697
vt 0.924951 0.278986
vt 0.925056 0.270331
vt 0.924930 0.261740
vt 0.924405 0.253227
vt 0.923983 0.305282
vt 0.923151 0.244836
vt 0.923555 0.314153
vt 0.961036 0.296024
vt 0.960737 0.304966
vt 0.961699 0.278083
vt 0.961354 0.287074
vt 0.962508 0.259768
vt 0.962080 0.269002
vt 0.963538 0.240651
vt 0.962994 0.250319
vt 0.960452 0.313922
vt 0.970867 0.250612
vt 0.970160 0.259984
vt 0.968372 0.295917
vt 0.968086 0.304791
vt 0.969095 0.278121
vt 0.968704 0.287037
vt 0.969574 0.269125
vt 0.967826 0.313682
vt 0.983819 0.292759
vt 0.986258 0.299129
vt 0.986313 0.306632
vt 0.983612 0.301566
vt 0.971661 0.240906
vt 0.986271 0.313953
vt 0.983400 0.310377
vt 0.987759 0.248563
vt 0.990192 0.251538
vt 0.988929 0.258720
vt 0.986417 0.257625
vt 0.987684 0.268591
vt 0.985435 0.266477
vt 0.979059 0.251270
vt 0.978092 0.260518
vt 0.977339 0.269548
vt 0.980268 0.241590
vt 0.989755 0.239043
vt 0.975741 0.305099
vt 0.975514 0.314009
vt 0.976321 0.287344
vt 0.984177 0.283976
vt 0.976000 0.296218
vt 0.984689 0.275239
vt 0.976759 0.278467
vt 0.986778 0.279284
vt 0.986388 0.289207
vt 0.991985 0.243625
vt 0.417487 0.324122
vt 0.399964 0.335116
vt 0.393905 0.330289
vt 0.411733 0.318370
vt 0.397450 0.310737
vt 0.378908 0.320522
vt 0.372075 0.317313
vt 0.389470 0.309150
vt 0.422007 0.330887
vt 0.403854 0.339424
vt 0.404967 0.313850
vt 0.388786 0.324540
vt 0.373353 0.310738
vt 0.381333 0.309150
vt 0.990592 0.307149
vt 0.990466 0.314001
vt 0.995511 0.244649
vt 0.994120 0.250990
vt 0.991000 0.279037
vt 0.990800 0.289260
vt 0.990574 0.299429
vt 0.992932 0.258174
vt 0.991784 0.268142
vt 0.953101 0.376545
vt 0.947333 0.376692
vt 0.953371 0.367276
vt 0.947660 0.367414
vt 0.953645 0.358075
vt 0.947987 0.358199
vt 0.953928 0.348938
vt 0.948316 0.349044
vt 0.954219 0.339858
vt 0.948648 0.339944
vt 0.954515 0.330830
vt 0.948979 0.330894
vt 0.954812 0.321848
vt 0.949306 0.321891
vt 0.934589 0.376360
vt 0.935006 0.367085
vt 0.935418 0.357872
vt 0.935827 0.348718
vt 0.936231 0.339622
vt 0.936629 0.330579
vt 0.937017 0.321587
vt 0.926480 0.366595
vt 0.926949 0.357387
vt 0.927413 0.348239
vt 0.927869 0.339150
vt 0.928317 0.330116
vt 0.928751 0.321138
vt 0.926005 0.375864
vt 0.922143 0.341103
vt 0.922628 0.332062
vt 0.921147 0.359361
vt 0.921648 0.350202
vt 0.920122 0.377859
vt 0.920638 0.368579
vt 0.923101 0.323080
vt 0.960175 0.322908
vt 0.959901 0.331934
vt 0.959631 0.341004
vt 0.959370 0.350119
vt 0.959123 0.359285
vt 0.958890 0.368510
vt 0.958664 0.377798
vt 0.966496 0.367969
vt 0.966333 0.377233
vt 0.967581 0.322610
vt 0.967340 0.331582
vt 0.967102 0.340600
vt 0.966875 0.349665
vt 0.966672 0.358783
vt 0.983109 0.328237
vt 0.983247 0.319268
vt 0.986096 0.321336
vt 0.985750 0.329011
vt 0.982549 0.373676
vt 0.982492 0.364488
vt 0.985245 0.370997
vt 0.985478 0.378531
vt 0.982529 0.355373
vt 0.985037 0.360666
vt 0.974365 0.377716
vt 0.974443 0.368446
vt 0.974538 0.359256
vt 0.975310 0.322970
vt 0.974887 0.341041
vt 0.975102 0.331984
vt 0.982901 0.337269
vt 0.974689 0.350129
vt 0.982697 0.346327
vt 0.985368 0.339231
vt 0.985062 0.349526
vt 0.425122 0.338404
vt 0.426710 0.346384
vt 0.407192 0.352511
vt 0.405808 0.344889
vt 0.425123 0.362501
vt 0.422010 0.370018
vt 0.408293 0.377883
vt 0.408699 0.370345
vt 0.426710 0.354520
vt 0.409835 0.359741
vt 0.411738 0.382537
vt 0.417491 0.376783
vt 0.990463 0.320937
vt 0.989432 0.379825
vt 0.989949 0.339446
vt 0.989428 0.350120
vt 0.990207 0.328881
vt 0.989256 0.361545
vt 0.989334 0.372097
vt 0.888821 0.571967
vt 0.888861 0.564672
vt 0.945339 0.564672
vt 0.945300 0.571967
vt 0.888781 0.578460
vt 0.945259 0.578460
vt 0.888861 0.592249
vt 0.888821 0.584954
vt 0.945300 0.584954
vt 0.945339 0.592249
vt 0.888766 0.795959
vt 0.888780 0.789157
vt 0.945259 0.789157
vt 0.945244 0.795959
vt 0.888821 0.712431
vt 0.888861 0.705136
vt 0.945339 0.705136
vt 0.945300 0.712431
vt 0.888861 0.803620
vt 0.945339 0.803620
vt 0.888861 0.732713
vt 0.888821 0.725419
vt 0.945300 0.725419
vt 0.945339 0.732713
vt 0.888781 0.718925
vt 0.945259 0.718925
vt 0.888780 0.648693
vt 0.888766 0.641891
vt 0.945244 0.641891
vt 0.945259 0.648693
vt 0.888894 0.813836
vt 0.945373 0.813836
vt 0.888766 0.655494
vt 0.945244 0.655494
vt 0.888860 0.634229
vt 0.945339 0.634229
vt 0.888912 0.824182
vt 0.945391 0.824182
vt 0.888766 0.782355
vt 0.945244 0.782355
vt 0.888860 0.663156
vt 0.945339 0.663156
vt 0.888894 0.624013
vt 0.945373 0.624013
vt 0.888894 0.835383
vt 0.945373 0.835383
vt 0.888861 0.774694
vt 0.945339 0.774694
vt 0.888894 0.673372
vt 0.945373 0.673372
vt 0.888912 0.613668
vt 0.945391 0.613668
vt 0.888894 0.554454
vt 0.945373 0.554454
vt 0.888894 0.764478
vt 0.945373 0.764478
vt 0.888912 0.683717
vt 0.945391 0.683717
vt 0.888894 0.602467
vt 0.945373 0.602467
vt 0.888912 0.754132
vt 0.945391 0.754132
vt 0.888894 0.694918
vt 0.945373 0.694918
vt 0.888894 0.742931
vt 0.945373 0.742931
vt 0.335167 0.864118
vt 0.330520 0.873218
vt 0.323163 0.881664
vt 0.314490 0.887305
vt 0.304871 0.890746
vt 0.297280 0.891789
vt 0.290479 0.891789
vt 0.283733 0.890919
vt 0.276338 0.888914
vt 0.267238 0.884271
vt 0.259358 0.877567
vt 0.253141 0.868250
vt 0.249696 0.858630
vt 0.248663 0.851409
vt 0.248603 0.844916
vt 0.249493 0.838483
vt 0.251441 0.831453
vt 0.256088 0.822353
vt 0.263445 0.813907
vt 0.272117 0.808266
vt 0.281737 0.804825
vt 0.289327 0.803782
vt 0.296129 0.803782
vt 0.302875 0.804652
vt 0.310270 0.806657
vt 0.319370 0.811300
vt 0.327250 0.818004
vt 0.333467 0.827321
vt 0.336912 0.836941
vt 0.337945 0.844162
vt 0.338005 0.850655
vt 0.337115 0.857088
s 1
usemtl M_vodka
f 723/908/733 899/909/734 908/910/735 731/911/736
f 724/912/737 723/908/733 731/911/736 732/913/738
f 725/914/739 724/912/737 732/913/738 733/915/740
f 726/916/741 725/914/739 733/915/740 734/917/742
f 727/918/743 726/916/741 734/917/742 735/919/744
f 728/920/745 727/918/743 735/919/744 736/921/746
f 729/922/747 728/920/745 736/921/746 737/923/748
f 855/924/749 729/922/747 737/923/748 820/925/750
f 731/911/736 908/910/735 953/926/751 739/927/752
f 732/913/738 731/911/736 739/927/752 740/928/753
f 733/915/740 732/913/738 740/928/753 741/929/754
f 734/917/742 733/915/740 741/929/754 742/930/755
f 735/919/744 734/917/742 742/930/755 743/931/756
f 736/921/746 735/919/744 743/931/756 744/932/757
f 737/923/748 736/921/746 744/932/757 745/933/758
f 820/925/750 737/923/748 745/933/758 858/934/759
f 741/929/754 740/928/753 747/935/760 748/936/761
f 742/930/755 741/929/754 748/936/761 749/937/762
f 743/931/756 742/930/755 749/937/762 750/938/763
f 744/932/757 743/931/756 750/938/763 751/939/764
f 745/933/758 744/932/757 751/939/764 752/940/765
f 858/934/759 745/933/758 752/940/765 860/941/766
f 739/927/752 953/926/751 925/942/767 746/943/768
f 740/928/753 739/927/752 746/943/768 747/935/760
f 751/939/764 750/938/763 758/944/769 777/945/770
f 749/937/762 748/936/761 756/946/771 757/947/772
f 747/935/760 746/943/768 754/948/773 773/949/774
f 752/940/765 751/939/764 777/945/770 760/950/775
f 750/938/763 749/937/762 757/947/772 758/944/769
f 748/936/761 747/935/760 773/949/774 756/946/771
f 746/943/768 925/942/767 954/951/776 754/948/773
f 860/941/766 752/940/765 760/950/775 868/952/777
f 728/920/778 729/922/779 769/953/780 768/954/781
f 726/916/782 727/918/783 767/955/784 766/956/785
f 724/912/786 725/914/787 765/957/788 764/958/789
f 899/909/790 723/908/791 763/959/792 962/960/793
f 729/922/779 855/924/794 853/961/795 769/953/780
f 727/918/783 728/920/778 768/954/781 767/955/784
f 725/914/787 726/916/782 766/956/785 765/957/788
f 723/908/791 724/912/786 764/958/789 763/959/792
f 764/958/789 782/962/796 781/963/797 763/959/792
f 769/953/780 787/964/798 786/965/799 768/954/781
f 767/955/784 785/966/800 784/967/801 766/956/785
f 765/957/788 783/968/802 782/962/796 764/958/789
f 853/961/795 878/969/803 787/964/798 769/953/780
f 768/954/781 786/965/799 785/966/800 767/955/784
f 766/956/785 784/967/801 783/968/802 765/957/788
f 770/970/804 771/971/805 792/972/806 791/973/807
f 763/959/792 781/963/797 966/974/808 962/960/793
f 771/971/805 857/975/809 884/976/810 792/972/806
f 753/977/811 755/978/812 730/979/813 738/980/814
f 755/978/812 759/981/815 788/982/816 730/979/813
f 780/983/817 779/984/818 755/978/819 753/977/820
f 779/984/818 778/985/821 759/981/822 755/978/819
f 965/986/823 780/983/817 753/977/820 933/987/824
f 772/988/825 859/989/826 857/975/827 771/971/828
f 775/990/829 774/991/830 770/970/831 762/992/832
f 778/985/821 776/993/833 761/994/834 759/981/822
f 774/991/830 772/988/825 771/971/828 770/970/831
f 776/993/833 775/990/829 762/992/832 761/994/834
f 781/963/797 782/962/796 779/984/818 780/983/817
f 783/968/802 784/967/801 776/993/833 778/985/821
f 785/966/800 786/965/799 774/991/830 775/990/829
f 787/964/798 878/969/803 859/989/826 772/988/825
f 966/974/808 781/963/797 780/983/817 965/986/823
f 782/962/796 783/968/802 778/985/821 779/984/818
f 784/967/801 785/966/800 775/990/829 776/993/833
f 786/965/799 787/964/798 772/988/825 774/991/830
f 761/994/835 762/992/836 790/995/837 789/996/838
f 759/981/815 761/994/835 789/996/838 788/982/816
f 933/987/839 753/977/811 738/980/814 924/997/840
f 762/992/836 770/970/804 791/973/807 790/995/837
f 760/998/775 777/999/770 797/1000/841 796/1001/841
f 757/1002/772 756/1003/771 793/1004/841 794/1005/841
f 868/1006/777 760/998/775 796/1001/841 890/1007/841
f 758/1008/769 757/1002/772 794/1005/841 795/1009/841
f 777/999/770 758/1008/769 795/1009/841 797/1000/841
f 754/1010/773 793/1004/841 756/1003/771 773/1011/774
f 796/1001/841 797/1000/841 988/1012/841 987/1013/841
f 795/1009/841 794/1005/841 985/1014/841 986/1015/841
f 890/1007/841 796/1001/841 987/1013/841 1098/1016/841
f 797/1000/841 795/1009/841 986/1015/841 988/1012/841
f 794/1005/841 793/1004/841 984/1017/841 985/1014/841
f 954/1018/776 984/1017/841 793/1004/841 754/1010/773
f 792/972/806 884/976/810 898/1019/842 804/1020/843
f 924/997/840 738/980/814 799/1021/844 991/1022/845
f 789/996/838 790/995/837 802/1023/846 801/1024/847
f 791/973/807 792/972/806 804/1020/843 803/1025/848
f 730/979/813 788/982/816 800/1026/849 798/1027/850
f 738/980/814 730/979/813 798/1027/850 799/1021/844
f 788/982/816 789/996/838 801/1024/847 800/1026/849
f 790/995/837 791/973/807 803/1025/848 802/1023/846
f 805/1028/851 813/1029/852 1006/1030/853 997/1031/854
f 806/1032/855 814/1033/856 813/1029/852 805/1028/851
f 807/1034/857 815/1035/858 814/1033/856 806/1032/855
f 808/1036/859 816/1037/860 815/1035/858 807/1034/857
f 809/1038/861 817/1039/862 816/1037/860 808/1036/859
f 810/1040/863 818/1041/864 817/1039/862 809/1038/861
f 811/1042/865 819/1043/866 818/1041/864 810/1040/863
f 855/924/749 820/925/750 819/1043/866 811/1042/865
f 813/1029/852 822/1044/867 1055/1045/868 1006/1030/853
f 814/1033/856 823/1046/869 822/1044/867 813/1029/852
f 815/1035/858 824/1047/870 823/1046/869 814/1033/856
f 816/1037/860 825/1048/871 824/1047/870 815/1035/858
f 817/1039/862 826/1049/872 825/1048/871 816/1037/860
f 818/1041/864 827/1050/873 826/1049/872 817/1039/862
f 819/1043/866 828/1051/874 827/1050/873 818/1041/864
f 820/925/750 858/934/759 828/1051/874 819/1043/866
f 824/1047/870 831/1052/875 830/1053/876 823/1046/869
f 825/1048/871 832/1054/877 831/1052/875 824/1047/870
f 826/1049/872 833/1055/878 832/1054/877 825/1048/871
f 827/1050/873 834/1056/879 833/1055/878 826/1049/872
f 828/1051/874 835/1057/880 834/1056/879 827/1050/873
f 858/934/759 860/941/766 835/1057/880 828/1051/874
f 822/1044/867 829/1058/881 1024/1059/882 1055/1045/868
f 823/1046/869 830/1053/876 829/1058/881 822/1044/867
f 834/1056/879 866/1060/883 841/1061/884 833/1055/878
f 832/1054/877 840/1062/885 839/1063/886 831/1052/875
f 830/1053/876 862/1064/887 837/1065/888 829/1058/881
f 835/1057/880 843/1066/889 866/1060/883 834/1056/879
f 833/1055/878 841/1061/884 840/1062/885 832/1054/877
f 831/1052/875 839/1063/886 862/1064/887 830/1053/876
f 829/1058/881 837/1065/888 1059/1067/890 1024/1059/882
f 860/941/766 868/952/777 843/1066/889 835/1057/880
f 810/1040/891 851/1068/892 852/1069/893 811/1042/894
f 808/1036/895 849/1070/896 850/1071/897 809/1038/898
f 806/1032/899 847/1072/900 848/1073/901 807/1034/902
f 997/1031/903 1068/1074/904 846/1075/905 805/1028/906
f 811/1042/894 852/1069/893 853/961/795 855/924/794
f 809/1038/898 850/1071/897 851/1068/892 810/1040/891
f 807/1034/902 848/1073/901 849/1070/896 808/1036/895
f 805/1028/906 846/1075/905 847/1072/900 806/1032/899
f 847/1072/900 846/1075/905 871/1076/907 872/1077/908
f 852/1069/893 851/1068/892 876/1078/909 877/1079/910
f 850/1071/897 849/1070/896 874/1080/911 875/1081/912
f 848/1073/901 847/1072/900 872/1077/908 873/1082/913
f 853/961/795 852/1069/893 877/1079/910 878/969/803
f 851/1068/892 850/1071/897 875/1081/912 876/1078/909
f 849/1070/896 848/1073/901 873/1082/913 874/1080/911
f 854/1083/914 882/1084/915 883/1085/916 856/1086/917
f 846/1075/905 1068/1074/904 1072/1087/918 871/1076/907
f 856/1086/917 883/1085/916 884/976/810 857/975/809
f 836/1088/919 821/1089/920 812/1090/921 838/1091/922
f 838/1091/922 812/1090/921 879/1092/923 842/1093/924
f 870/1094/925 836/1088/926 838/1091/927 869/1095/928
f 869/1095/928 838/1091/927 842/1093/929 867/1096/930
f 1071/1097/931 1032/1098/932 836/1088/926 870/1094/925
f 861/1099/933 856/1086/934 857/975/827 859/989/826
f 864/1100/935 845/1101/936 854/1083/937 863/1102/938
f 867/1096/930 842/1093/929 844/1103/939 865/1104/940
f 863/1102/938 854/1083/937 856/1086/934 861/1099/933
f 865/1104/940 844/1103/939 845/1101/936 864/1100/935
f 871/1076/907 870/1094/925 869/1095/928 872/1077/908
f 873/1082/913 867/1096/930 865/1104/940 874/1080/911
f 875/1081/912 864/1100/935 863/1102/938 876/1078/909
f 877/1079/910 861/1099/933 859/989/826 878/969/803
f 1072/1087/918 1071/1097/931 870/1094/925 871/1076/907
f 872/1077/908 869/1095/928 867/1096/930 873/1082/913
f 874/1080/911 865/1104/940 864/1100/935 875/1081/912
f 876/1078/909 863/1102/938 861/1099/933 877/1079/910
f 844/1103/941 880/1105/942 881/1106/943 845/1101/944
f 842/1093/924 879/1092/923 880/1105/942 844/1103/941
f 1032/1098/945 1023/1107/946 821/1089/920 836/1088/919
f 845/1101/944 881/1106/943 882/1084/915 854/1083/914
f 843/1108/889 888/1109/841 889/1110/841 866/1111/883
f 840/1112/885 886/1113/841 885/1114/841 839/1115/886
f 868/1006/777 890/1007/841 888/1109/841 843/1108/889
f 841/1116/884 887/1117/841 886/1113/841 840/1112/885
f 866/1111/883 889/1110/841 887/1117/841 841/1116/884
f 837/1118/888 862/1119/887 839/1115/886 885/1114/841
f 888/1109/841 1096/1120/841 1097/1121/841 889/1110/841
f 887/1117/841 1095/1122/841 1094/1123/841 886/1113/841
f 890/1007/841 1098/1016/841 1096/1120/841 888/1109/841
f 889/1110/841 1097/1121/841 1095/1122/841 887/1117/841
f 886/1113/841 1094/1123/841 1093/1124/841 885/1114/841
f 1059/1125/890 837/1118/888 885/1114/841 1093/1124/841
f 883/1085/916 897/1126/947 898/1019/842 884/976/810
f 1023/1107/946 1101/1127/948 892/1128/949 821/1089/920
f 880/1105/942 894/1129/950 895/1130/951 881/1106/943
f 882/1084/915 896/1131/952 897/1126/947 883/1085/916
f 812/1090/921 891/1132/953 893/1133/954 879/1092/923
f 821/1089/920 892/1128/949 891/1132/953 812/1090/921
f 879/1092/923 893/1133/954 894/1129/950 880/1105/942
f 881/1106/943 895/1130/951 896/1131/952 882/1084/915
f 900/1134/955 909/1135/956 908/1136/735 899/1137/734
f 901/1138/957 910/1139/958 909/1135/956 900/1134/955
f 902/1140/959 911/1141/960 910/1139/958 901/1138/957
f 903/1142/961 912/1143/962 911/1141/960 902/1140/959
f 904/1144/963 913/1145/964 912/1143/962 903/1142/961
f 905/1146/965 914/1147/966 913/1145/964 904/1144/963
f 906/1148/967 915/1149/968 914/1147/966 905/1146/965
f 1052/1150/969 1014/1151/970 915/1149/968 906/1148/967
f 909/1135/956 917/1152/971 953/1153/751 908/1136/735
f 910/1139/958 918/1154/972 917/1152/971 909/1135/956
f 911/1141/960 919/1155/973 918/1154/972 910/1139/958
f 912/1143/962 920/1156/974 919/1155/973 911/1141/960
f 913/1145/964 921/1157/975 920/1156/974 912/1143/962
f 914/1147/966 922/1158/976 921/1157/975 913/1145/964
f 915/1149/968 923/1159/977 922/1158/976 914/1147/966
f 1014/1151/970 1056/1160/978 923/1159/977 915/1149/968
f 919/1155/973 928/1161/979 927/1162/980 918/1154/972
f 920/1156/974 929/1163/981 928/1161/979 919/1155/973
f 921/1157/975 930/1164/982 929/1163/981 920/1156/974
f 922/1158/976 931/1165/983 930/1164/982 921/1157/975
f 923/1159/977 932/1166/984 931/1165/983 922/1158/976
f 1056/1160/978 1058/1167/985 932/1166/984 923/1159/977
f 917/1152/971 926/1168/986 925/1169/767 953/1153/751
f 918/1154/972 927/1162/980 926/1168/986 917/1152/971
f 931/1165/983 960/1170/987 939/1171/988 930/1164/982
f 929/1163/981 938/1172/989 937/1173/990 928/1161/979
f 927/1162/980 956/1174/991 935/1175/992 926/1168/986
f 932/1166/984 941/1176/993 960/1170/987 931/1165/983
f 930/1164/982 939/1171/988 938/1172/989 929/1163/981
f 928/1161/979 937/1173/990 956/1174/991 927/1162/980
f 926/1168/986 935/1175/992 954/1177/776 925/1169/767
f 1058/1167/985 1067/1178/994 941/1176/993 932/1166/984
f 905/1146/995 949/1179/996 950/1180/997 906/1148/998
f 903/1142/999 947/1181/1000 948/1182/1001 904/1144/1002
f 901/1138/1003 945/1183/1004 946/1184/1005 902/1140/1006
f 899/1137/790 962/1185/793 944/1186/1007 900/1134/1008
f 906/1148/998 950/1180/997 1050/1187/1009 1052/1150/1010
f 904/1144/1002 948/1182/1001 949/1179/996 905/1146/995
f 902/1140/1006 946/1184/1005 947/1181/1000 903/1142/999
f 900/1134/1008 944/1186/1007 945/1183/1004 901/1138/1003
f 945/1183/1004 944/1186/1007 967/1188/1011 968/1189/1012
f 950/1180/997 949/1179/996 972/1190/1013 973/1191/1014
f 948/1182/1001 947/1181/1000 970/1192/1015 971/1193/1016
f 946/1184/1005 945/1183/1004 968/1189/1012 969/1194/1017
f 1050/1187/1009 950/1180/997 973/1191/1014 1080/1195/1018
f 949/1179/996 948/1182/1001 971/1193/1016 972/1190/1013
f 947/1181/1000 946/1184/1005 969/1194/1017 970/1192/1015
f 951/1196/1019 977/1197/1020 978/1198/1021 952/1199/1022
f 944/1186/1007 962/1185/793 966/1200/808 967/1188/1011
f 952/1199/1022 978/1198/1021 1086/1201/1023 1054/1202/1024
f 934/1203/1025 916/1204/1026 907/1205/1027 936/1206/1028
f 936/1206/1028 907/1205/1027 974/1207/1029 940/1208/1030
f 964/1209/1031 934/1203/1032 936/1206/1033 963/1210/1034
f 963/1210/1034 936/1206/1033 940/1208/1035 961/1211/1036
f 965/1212/823 933/1213/824 934/1203/1032 964/1209/1031
f 955/1214/1037 952/1199/1038 1054/1202/1039 1057/1215/1040
f 958/1216/1041 943/1217/1042 951/1196/1043 957/1218/1044
f 961/1211/1036 940/1208/1035 942/1219/1045 959/1220/1046
f 957/1218/1044 951/1196/1043 952/1199/1038 955/1214/1037
f 959/1220/1046 942/1219/1045 943/1217/1042 958/1216/1041
f 967/1188/1011 964/1209/1031 963/1210/1034 968/1189/1012
f 969/1194/1017 961/1211/1036 959/1220/1046 970/1192/1015
f 971/1193/1016 958/1216/1041 957/1218/1044 972/1190/1013
f 973/1191/1014 955/1214/1037 1057/1215/1040 1080/1195/1018
f 966/1200/808 965/1212/823 964/1209/1031 967/1188/1011
f 968/1189/1012 963/1210/1034 961/1211/1036 969/1194/1017
f 970/1192/1015 959/1220/1046 958/1216/1041 971/1193/1016
f 972/1190/1013 957/1218/1044 955/1214/1037 973/1191/1014
f 942/1219/1047 975/1221/1048 976/1222/1049 943/1217/1050
f 940/1208/1030 974/1207/1029 975/1221/1048 942/1219/1047
f 933/1213/839 924/1223/840 916/1204/1026 934/1203/1025
f 943/1217/1050 976/1222/1049 977/1197/1020 951/1196/1019
f 941/1224/993 982/1225/841 983/1226/841 960/1227/987
f 938/1228/989 980/1229/841 979/1230/841 937/1231/990
f 1067/1232/994 1092/1233/841 982/1225/841 941/1224/993
f 939/1234/988 981/1235/841 980/1229/841 938/1228/989
f 960/1227/987 983/1226/841 981/1235/841 939/1234/988
f 935/1236/992 956/1237/991 937/1231/990 979/1230/841
f 982/1225/841 987/1013/841 988/1012/841 983/1226/841
f 981/1235/841 986/1015/841 985/1014/841 980/1229/841
f 1092/1233/841 1098/1016/841 987/1013/841 982/1225/841
f 983/1226/841 988/1012/841 986/1015/841 981/1235/841
f 980/1229/841 985/1014/841 984/1017/841 979/1230/841
f 954/1018/776 935/1236/992 979/1230/841 984/1017/841
f 978/1198/1021 996/1238/1051 1107/1239/1052 1086/1201/1023
f 924/1223/840 991/1240/845 990/1241/1053 916/1204/1026
f 975/1221/1048 993/1242/1054 994/1243/1055 976/1222/1049
f 977/1197/1020 995/1244/1056 996/1238/1051 978/1198/1021
f 907/1205/1027 989/1245/1057 992/1246/1058 974/1207/1029
f 916/1204/1026 990/1241/1053 989/1245/1057 907/1205/1027
f 974/1207/1029 992/1246/1058 993/1242/1054 975/1221/1048
f 976/1222/1049 994/1243/1055 995/1244/1056 977/1197/1020
f 998/1247/1059 997/1031/854 1006/1030/853 1007/1248/1060
f 999/1249/1061 998/1247/1059 1007/1248/1060 1008/1250/1062
f 1000/1251/1063 999/1249/1061 1008/1250/1062 1009/1252/1064
f 1001/1253/1065 1000/1251/1063 1009/1252/1064 1010/1254/1066
f 1002/1255/1067 1001/1253/1065 1010/1254/1066 1011/1256/1068
f 1003/1257/1069 1002/1255/1067 1011/1256/1068 1012/1258/1070
f 1004/1259/1071 1003/1257/1069 1012/1258/1070 1013/1260/1072
f 1052/1150/969 1004/1259/1071 1013/1260/1072 1014/1151/970
f 1007/1248/1060 1006/1030/853 1055/1045/868 1016/1261/1073
f 1008/1250/1062 1007/1248/1060 1016/1261/1073 1017/1262/1074
f 1009/1252/1064 1008/1250/1062 1017/1262/1074 1018/1263/1075
f 1010/1254/1066 1009/1252/1064 1018/1263/1075 1019/1264/1076
f 1011/1256/1068 1010/1254/1066 1019/1264/1076 1020/1265/1077
f 1012/1258/1070 1011/1256/1068 1020/1265/1077 1021/1266/1078
f 1013/1260/1072 1012/1258/1070 1021/1266/1078 1022/1267/1079
f 1014/1151/970 1013/1260/1072 1022/1267/1079 1056/1160/978
f 1018/1263/1075 1017/1262/1074 1026/1268/1080 1027/1269/1081
f 1019/1264/1076 1018/1263/1075 1027/1269/1081 1028/1270/1082
f 1020/1265/1077 1019/1264/1076 1028/1270/1082 1029/1271/1083
f 1021/1266/1078 1020/1265/1077 1029/1271/1083 1030/1272/1084
f 1022/1267/1079 1021/1266/1078 1030/1272/1084 1031/1273/1085
f 1056/1160/978 1022/1267/1079 1031/1273/1085 1058/1167/985
f 1016/1261/1073 1055/1045/868 1024/1059/882 1025/1274/1086
f 1017/1262/1074 1016/1261/1073 1025/1274/1086 1026/1268/1080
f 1030/1272/1084 1029/1271/1083 1038/1275/1087 1065/1276/1088
f 1028/1270/1082 1027/1269/1081 1036/1277/1089 1037/1278/1090
f 1026/1268/1080 1025/1274/1086 1034/1279/1091 1061/1280/1092
f 1031/1273/1085 1030/1272/1084 1065/1276/1088 1040/1281/1093
f 1029/1271/1083 1028/1270/1082 1037/1278/1090 1038/1275/1087
f 1027/1269/1081 1026/1268/1080 1061/1280/1092 1036/1277/1089
f 1025/1274/1086 1024/1059/882 1059/1067/890 1034/1279/1091
f 1058/1167/985 1031/1273/1085 1040/1281/1093 1067/1178/994
f 1003/1257/1094 1004/1259/1095 1049/1282/1096 1048/1283/1097
f 1001/1253/1098 1002/1255/1099 1047/1284/1100 1046/1285/1101
f 999/1249/1102 1000/1251/1103 1045/1286/1104 1044/1287/1105
f 997/1031/903 998/1247/1106 1043/1288/1107 1068/1074/904
f 1004/1259/1095 1052/1150/1010 1050/1187/1009 1049/1282/1096
f 1002/1255/1099 1003/1257/1094 1048/1283/1097 1047/1284/1100
f 1000/1251/1103 1001/1253/1098 1046/1285/1101 1045/1286/1104
f 998/1247/1106 999/1249/1102 1044/1287/1105 1043/1288/1107
f 1044/1287/1105 1074/1289/1108 1073/1290/1109 1043/1288/1107
f 1049/1282/1096 1079/1291/1110 1078/1292/1111 1048/1283/1097
f 1047/1284/1100 1077/1293/1112 1076/1294/1113 1046/1285/1101
f 1045/1286/1104 1075/1295/1114 1074/1289/1108 1044/1287/1105
f 1050/1187/1009 1080/1195/1018 1079/1291/1110 1049/1282/1096
f 1048/1283/1097 1078/1292/1111 1077/1293/1112 1047/1284/1100
f 1046/1285/1101 1076/1294/1113 1075/1295/1114 1045/1286/1104
f 1051/1296/1115 1053/1297/1116 1085/1298/1117 1084/1299/1118
f 1043/1288/1107 1073/1290/1109 1072/1087/918 1068/1074/904
f 1053/1297/1116 1054/1202/1024 1086/1201/1023 1085/1298/1117
f 1033/1300/1119 1035/1301/1120 1005/1302/1121 1015/1303/1122
f 1035/1301/1120 1039/1304/1123 1081/1305/1124 1005/1302/1121
f 1070/1306/1125 1069/1307/1126 1035/1301/1127 1033/1300/1128
f 1069/1307/1126 1066/1308/1129 1039/1304/1130 1035/1301/1127
f 1071/1097/931 1070/1306/1125 1033/1300/1128 1032/1098/932
f 1060/1309/1131 1057/1215/1040 1054/1202/1039 1053/1297/1132
f 1063/1310/1133 1062/1311/1134 1051/1296/1135 1042/1312/1136
f 1066/1308/1129 1064/1313/1137 1041/1314/1138 1039/1304/1130
f 1062/1311/1134 1060/1309/1131 1053/1297/1132 1051/1296/1135
f 1064/1313/1137 1063/1310/1133 1042/1312/1136 1041/1314/1138
f 1073/1290/1109 1074/1289/1108 1069/1307/1126 1070/1306/1125
f 1075/1295/1114 1076/1294/1113 1064/1313/1137 1066/1308/1129
f 1077/1293/1112 1078/1292/1111 1062/1311/1134 1063/1310/1133
f 1079/1291/1110 1080/1195/1018 1057/1215/1040 1060/1309/1131
f 1072/1087/918 1073/1290/1109 1070/1306/1125 1071/1097/931
f 1074/1289/1108 1075/1295/1114 1066/1308/1129 1069/1307/1126
f 1076/1294/1113 1077/1293/1112 1063/1310/1133 1064/1313/1137
f 1078/1292/1111 1079/1291/1110 1060/1309/1131 1062/1311/1134
f 1041/1314/1139 1042/1312/1140 1083/1315/1141 1082/1316/1142
f 1039/1304/1123 1041/1314/1139 1082/1316/1142 1081/1305/1124
f 1032/1098/945 1033/1300/1119 1015/1303/1122 1023/1107/946
f 1042/1312/1140 1051/1296/1115 1084/1299/1118 1083/1315/1141
f 1040/1317/1093 1065/1318/1088 1091/1319/841 1090/1320/841
f 1037/1321/1090 1036/1322/1089 1087/1323/841 1088/1324/841
f 1067/1232/994 1040/1317/1093 1090/1320/841 1092/1233/841
f 1038/1325/1087 1037/1321/1090 1088/1324/841 1089/1326/841
f 1065/1318/1088 1038/1325/1087 1089/1326/841 1091/1319/841
f 1034/1327/1091 1087/1323/841 1036/1322/1089 1061/1328/1092
f 1090/1320/841 1091/1319/841 1097/1121/841 1096/1120/841
f 1089/1326/841 1088/1324/841 1094/1123/841 1095/1122/841
f 1092/1233/841 1090/1320/841 1096/1120/841 1098/1016/841
f 1091/1319/841 1089/1326/841 1095/1122/841 1097/1121/841
f 1088/1324/841 1087/1323/841 1093/1124/841 1094/1123/841
f 1059/1125/890 1093/1124/841 1087/1323/841 1034/1327/1091
f 1085/1298/1117 1086/1201/1023 1107/1239/1052 1106/1329/1143
f 1023/1107/946 1015/1303/1122 1100/1330/1144 1101/1127/948
f 1082/1316/1142 1083/1315/1141 1104/1331/1145 1103/1332/1146
f 1084/1299/1118 1085/1298/1117 1106/1329/1143 1105/1333/1147
f 1005/1302/1121 1081/1305/1124 1102/1334/1148 1099/1335/1149
f 1015/1303/1122 1005/1302/1121 1099/1335/1149 1100/1330/1144
f 1081/1305/1124 1082/1316/1142 1103/1332/1146 1102/1334/1148
f 1083/1315/1141 1084/1299/1118 1105/1333/1147 1104/1331/1145
f 799/1336/1150 798/1337/1151 1108/1338/1152 1109/1339/1153
f 991/1340/1154 799/1336/1150 1109/1339/1153 1125/1341/1154
f 989/1342/1155 990/1343/1156 1124/1344/1157 1123/1345/1158
f 804/1346/1159 898/1347/1160 1122/1348/1160 1114/1349/1161
f 1100/1350/1162 1099/1351/1163 1131/1352/1164 1132/1353/1165
f 990/1343/1156 991/1340/1154 1125/1341/1154 1124/1344/1157
f 803/1354/1166 804/1346/1159 1114/1349/1161 1113/1355/1167
f 891/1356/1168 892/1357/1169 1116/1358/1170 1115/1359/1171
f 1101/1360/1172 1100/1350/1162 1132/1353/1165 1133/1361/1172
f 1107/1362/1173 996/1363/1174 1130/1364/1175 1139/1365/1173
f 802/1366/1176 803/1354/1166 1113/1355/1167 1112/1367/1177
f 892/1357/1169 1101/1360/1172 1133/1361/1172 1116/1358/1170
f 1106/1368/1178 1107/1362/1173 1139/1365/1173 1138/1369/1179
f 996/1363/1174 995/1370/1180 1129/1371/1181 1130/1364/1175
f 801/1372/1182 802/1366/1176 1112/1367/1177 1111/1373/1182
f 898/1347/1160 897/1374/1183 1121/1375/1184 1122/1348/1160
f 1105/1376/1185 1106/1368/1178 1138/1369/1179 1137/1377/1186
f 995/1370/1180 994/1378/1187 1128/1379/1188 1129/1371/1181
f 800/1380/1189 801/1372/1182 1111/1373/1182 1110/1381/1190
f 897/1374/1183 896/1382/1191 1120/1383/1192 1121/1375/1184
f 1104/1384/1193 1105/1376/1185 1137/1377/1186 1136/1385/1194
f 994/1378/1187 993/1386/1195 1127/1387/1195 1128/1379/1188
f 798/1337/1151 800/1388/1189 1110/1389/1190 1108/1338/1152
f 896/1382/1191 895/1390/1196 1119/1391/1197 1120/1383/1192
f 1103/1392/1198 1104/1384/1193 1136/1385/1194 1135/1393/1198
f 993/1386/1195 992/1394/1199 1126/1395/1200 1127/1387/1195
f 895/1390/1196 894/1396/1201 1118/1397/1201 1119/1391/1197
f 1102/1398/1202 1103/1392/1198 1135/1393/1198 1134/1399/1203
f 992/1394/1199 989/1342/1155 1123/1345/1158 1126/1395/1200
f 894/1396/1201 893/1400/1204 1117/1401/1205 1118/1397/1201
f 1099/1351/1163 1102/1398/1202 1134/1399/1203 1131/1352/1164
f 893/1400/1204 891/1356/1168 1115/1359/1171 1117/1401/1205
f 1108/1402/1206 1110/1403/1206 1111/1404/1206 1112/1405/1206 1113/1406/1206 1114/1407/1206 1122/1408/1206 1121/1409/1206 1120/1410/1206 1119/1411/1206 1118/1412/1206 1117/1413/1206 1115/1414/1206 1116/1415/1206 1133/1416/1206 1132/1417/1206 1131/1418/1206 1134/1419/1206 1135/1420/1206 1136/1421/1206 1137/1422/1206 1138/1423/1206 1139/1424/1206 1130/1425/1206 1129/1426/1206 1128/1427/1206 1127/1428/1206 1126/1429/1206 1123/1430/1206 1124/1431/1206 1125/1432/1206 1109/1433/1206
